No,SSA,VMI,VME,T,P,G
1,1070,0.4,0.15,25,35,4.94
2,1440,0.52,0.61,25,35,5.81
3,1800,0.64,0.19,25,35,7.375
4,3551,1,1,25,35,10.5
5,3290,1.1,1.15,25,35,11.94
6,3425,1.11,1.33,25,35,11.5
7,1906,0.98,0.26,30,35,8.55
8,1906,0.98,0.26,30,30.5,8.2
9,1906,0.98,0.26,30,25.2,7.59
10,1906,0.98,0.26,30,20,6.89
11,1906,0.98,0.26,30,15.3,6.07
12,1906,0.98,0.26,30,11.2,5.17
13,1906,0.98,0.26,30,8.9,4.52
14,1906,0.98,0.26,30,5.8,3.41
15,1441,0.73,0.13,30,35,7.58
16,1441,0.73,0.13,30,30.7,7.25
17,1441,0.73,0.13,30,25.2,6.75
18,1441,0.73,0.13,30,20,6.18
19,1441,0.73,0.13,30,15.4,5.46
20,1441,0.73,0.13,30,12.7,4.91
21,1441,0.73,0.13,30,10.1,4.39
22,1441,0.73,0.13,30,5.3,2.93
23,844,0.5,0.05,30,35,6.08
24,844,0.5,0.05,30,29.3,5.87
25,844,0.5,0.05,30,25.4,5.65
26,844,0.5,0.05,30,20.3,5.22
27,844,0.5,0.05,30,15,4.67
28,844,0.5,0.05,30,10.1,3.93
29,844,0.5,0.05,30,8.2,3.54
30,844,0.5,0.05,30,6.2,3.06
31,844,0.5,0.05,30,4.2,2.43
32,779,0.44,0.06,30,35,4.85
33,779,0.44,0.06,30,30.1,4.65
34,779,0.44,0.06,30,26.9,4.5
35,779,0.44,0.06,30,20.2,4.11
36,779,0.44,0.06,30,15.1,3.69
37,779,0.44,0.06,30,10.2,3.13
38,779,0.44,0.06,30,8.1,2.845
39,779,0.44,0.06,30,4.3,2.02
40,767,0.44,0.07,30,35,4.55
41,767,0.44,0.07,30,30.7,4.39
42,767,0.44,0.07,30,25.9,4.13
43,767,0.44,0.07,30,20.2,3.8
44,767,0.44,0.07,30,15.1,3.41
45,767,0.44,0.07,30,10.1,2.8
46,693,0.4,0.11,30,35,4.04
47,520,0.3,0.04,30,35,4.01
48,828,0.44,0.11,30,35,3.57
49,1127,0.29,0.46,25,35,5
50,1127,0.29,0.46,25,30.5,4.81
51,1127,0.29,0.46,25,22.45,4.385
52,1127,0.29,0.46,25,18.5,4.02
53,1127,0.29,0.46,25,14.4,3.45
54,1127,0.29,0.46,25,10.45,3
55,1127,0.29,0.46,25,6.55,1.96
56,1127,0.29,0.46,25,2.9,1.27
57,808,0.17,0.57,25,35,3.475
58,808,0.17,0.57,25,30.5,3.35
59,808,0.17,0.57,25,26.4,3.22
60,808,0.17,0.57,25,22.5,2.95
61,808,0.17,0.57,25,18.5,2.745
62,808,0.17,0.57,25,14.4,2.39
63,808,0.17,0.57,25,10.45,1.95
64,808,0.17,0.57,25,6.5,1.38
65,808,0.17,0.57,25,2.9,0.69
66,757,0.16,0.42,25,35,2.46
67,757,0.16,0.42,25,30.5,2.49
68,757,0.16,0.42,25,26.5,2.42
69,757,0.16,0.42,25,22.5,2.33
70,757,0.16,0.42,25,18.5,1.97
71,757,0.16,0.42,25,14.4,1.9
72,757,0.16,0.42,25,10.5,1.58
73,1127,0.29,0.46,14,29.9,5.555
74,1127,0.29,0.46,14,19.2,4.38
75,1127,0.29,0.46,14,13.9,3.61
76,1127,0.29,0.46,14,8.8,2.625
77,1127,0.29,0.46,14,3.8,1.48
78,1127,0.29,0.46,40,29.95,3.43
79,1127,0.29,0.46,40,24.7,3.23
80,1127,0.29,0.46,40,19.3,2.94
81,1127,0.29,0.46,40,14,2.55
82,1127,0.29,0.46,40,8.8,1.79
83,1127,0.29,0.46,40,3.9301,0.69
84,3140,0.179,1.831,5,0.5,0.94
85,3140,0.179,1.831,5,1.27,2.06
86,3140,0.179,1.831,5,2.17,3.125
87,3140,0.179,1.831,5,3.1,4.125
88,3140,0.179,1.831,5,4.1,5
89,3140,0.179,1.831,5,5.1,5.81
90,3140,0.179,1.831,5,6.46,6.81
91,3140,0.179,1.831,5,7.84,7.69
92,3140,0.179,1.831,5,9.34,8.5
93,3140,0.179,1.831,5,11.38,9.5
94,3140,0.179,1.831,5,13.4,10.44
95,3140,0.179,1.831,5,15.5,11.25
96,3140,0.179,1.831,5,17.54,11.94
97,3140,0.179,1.831,5,19.49,12.56
98,3140,0.179,1.831,5,21.58,13.19
99,3140,0.179,1.831,15,0.5,0.75
100,3140,0.179,1.831,15,1.35,1.81
101,3140,0.179,1.831,15,2.33,2.81
102,3140,0.179,1.831,15,3.31,3.69
103,3140,0.179,1.831,15,4.29,4.44
104,3140,0.179,1.831,15,5.26,5.125
105,3140,0.179,1.831,15,6.55,6
106,3140,0.179,1.831,15,8,6.81
107,3140,0.179,1.831,15,9.46,7.56
108,3140,0.179,1.831,15,11.55,8.56
109,3140,0.179,1.831,15,13.54,9.375
110,3140,0.179,1.831,15,15.61,10.19
111,3140,0.179,1.831,15,17.62,10.875
112,3140,0.179,1.831,15,19.68,11.5
113,3140,0.179,1.831,15,21.66,12.06
114,3140,0.179,1.831,25,0.57,0.69
115,3140,0.179,1.831,25,1.4,1.56
116,3140,0.179,1.831,25,2.34,2.375
117,3140,0.179,1.831,25,3.31,3.125
118,3140,0.179,1.831,25,4.28,3.81
119,3140,0.179,1.831,25,5.26,4.44
120,3140,0.179,1.831,25,6.52,5.19
121,3140,0.179,1.831,25,7.92,5.94
122,3140,0.179,1.831,25,9.48,6.75
123,3140,0.179,1.831,25,11.57,7.625
124,3140,0.179,1.831,25,13.44,8.375
125,3140,0.179,1.831,25,15.63,9.19
126,3140,0.179,1.831,25,17.56,9.81
127,3140,0.179,1.831,25,19.6,10.44
128,3140,0.179,1.831,25,21.57,11
129,3140,0.179,1.831,35,0.6,0.625
130,3140,0.179,1.831,35,1.52,1.375
131,3140,0.179,1.831,35,2.45,2.125
132,3140,0.179,1.831,35,3.44,2.81
133,3140,0.179,1.831,35,4.43,3.44
134,3140,0.179,1.831,35,5.43,4
135,3140,0.179,1.831,35,6.78,4.75
136,3140,0.179,1.831,35,8.2,5.44
137,3140,0.179,1.831,35,9.74,6.125
138,3140,0.179,1.831,35,11.75,6.94
139,3140,0.179,1.831,35,13.73,7.625
140,3140,0.179,1.831,35,15.71,8.31
141,3140,0.179,1.831,35,17.71,8.94
142,3140,0.179,1.831,35,19.75,9.56
143,3140,0.179,1.831,35,21.78,10.06
144,3140,0.179,1.831,45,0.61,0.5
145,3140,0.179,1.831,45,1.48,1.19
146,3140,0.179,1.831,45,2.48,1.81
147,3140,0.179,1.831,45,3.48,2.44
148,3140,0.179,1.831,45,4.45,3
149,3140,0.179,1.831,45,5.4,3.5
150,3140,0.179,1.831,45,6.65,4.06
151,3140,0.179,1.831,45,8.15,4.75
152,3140,0.179,1.831,45,9.66,5.375
153,3140,0.179,1.831,45,11.7,6.19
154,3140,0.179,1.831,45,13.68,6.875
155,3140,0.179,1.831,45,15.85,7.56
156,3140,0.179,1.831,45,17.77,8.125
157,3140,0.179,1.831,45,19.75,8.69
158,3140,0.179,1.831,55,0.65,0.5
159,3140,0.179,1.831,55,1.6,1.06
160,3140,0.179,1.831,55,2.55,1.625
161,3140,0.179,1.831,55,3.54,2.19
162,3140,0.179,1.831,55,4.58,2.69
163,3140,0.179,1.831,55,5.55,3.125
164,3140,0.179,1.831,55,6.8,3.69
165,3140,0.179,1.831,55,8.23,4.31
166,3140,0.179,1.831,55,9.74,4.875
167,3140,0.179,1.831,55,12.04,5.69
168,3140,0.179,1.831,55,13.89,6.25
169,3140,0.179,1.831,55,15.93,6.875
170,3140,0.179,1.831,55,17.99,7.5
171,3140,0.179,1.831,55,19.84,7.94
172,3140,0.179,1.831,55,22.03,8.5
173,3140,0.179,1.831,65,0.67,0.44
174,3140,0.179,1.831,65,1.57,0.94
175,3140,0.179,1.831,65,2.54,1.44
176,3140,0.179,1.831,65,3.5,1.875
177,3140,0.179,1.831,65,4.56,2.375
178,3140,0.179,1.831,65,5.55,2.81
179,3140,0.179,1.831,65,6.81,3.31
180,3140,0.179,1.831,65,8.26,3.81
181,3140,0.179,1.831,65,9.78,4.375
182,3140,0.179,1.831,65,11.88,5.06
183,3140,0.179,1.831,65,13.93,5.69
184,3140,0.179,1.831,65,15.89,6.25
185,3140,0.179,1.831,65,17.95,6.75
186,3140,0.179,1.831,65,19.9,7.25
187,3140,0.179,1.831,65,21.87,7.75
188,3140,0.179,1.831,75,0.71,0.375
189,3140,0.179,1.831,75,1.62,0.81
190,3140,0.179,1.831,75,2.63,1.25
191,3140,0.179,1.831,75,3.62,1.69
192,3140,0.179,1.831,75,4.64,2.125
193,3140,0.179,1.831,75,5.61,2.5
194,3140,0.179,1.831,75,6.86,2.94
195,3140,0.179,1.831,75,8.35,3.44
196,3140,0.179,1.831,75,9.87,3.94
197,3140,0.179,1.831,75,11.98,4.56
198,3140,0.179,1.831,75,14.01,5.19
199,3140,0.179,1.831,75,16.03,5.69
200,3140,0.179,1.831,75,18.06,6.19
201,3140,0.179,1.831,75,20.15,6.69
202,3140,0.179,1.831,75,21.98,7.125
203,1493,0.488,0.17,20,0.113,0.16
204,1493,0.488,0.17,20,0.324,0.5
205,1493,0.488,0.17,20,0.681,0.976
206,1493,0.488,0.17,20,1.248,1.596
207,1493,0.488,0.17,20,2.34,2.407
208,1493,0.488,0.17,20,3.855,3.174
209,1493,0.488,0.17,20,6.174,3.985
210,1493,0.488,0.17,20,9.938,4.87
211,1493,0.488,0.17,20,14.211,5.515
212,1493,0.488,0.17,20,19.189,6.044
213,1493,0.488,0.17,20,24.4699875,6.375
214,1493,0.488,0.17,20,30.087,6.592
215,1493,0.488,0.17,30,0.146,0.16
216,1493,0.488,0.17,30,0.3505845,0.5
217,1493,0.488,0.17,30,0.686,0.976
218,1493,0.488,0.17,30,1.352,1.596
219,1493,0.488,0.17,30,2.56,2.361
220,1493,0.488,0.17,30,4.315,3.171
221,1493,0.488,0.17,30,6.859,3.96
222,1493,0.488,0.17,30,10.498,4.732
223,1493,0.488,0.17,30,15.062,5.374
224,1493,0.488,0.17,30,20.161,5.852
225,1493,0.488,0.17,30,25.468,6.194
226,1493,0.488,0.17,30,30.758,6.439
227,1493,0.488,0.17,40,0.267,0.312
228,1493,0.488,0.17,40,0.796,0.812
229,1493,0.488,0.17,40,1.476,1.312
230,1493,0.488,0.17,40,2.468,1.878
231,1493,0.488,0.17,40,4.281,2.623
232,1493,0.488,0.17,40,6.701,3.356
233,1493,0.488,0.17,40,10.301,4.097
234,1493,0.488,0.17,40,14.7,4.743
235,1493,0.488,0.17,40,19.572,5.225
236,1493,0.488,0.17,40,24.629,5.603
237,1493,0.488,0.17,40,30.102,5.954
238,1853,0.425,0.34,20,0.124,0.16
239,1853,0.425,0.34,20,0.312,0.5
240,1853,0.425,0.34,20,0.58,0.976
241,1853,0.425,0.34,20,1.187,1.596
242,1853,0.425,0.34,20,2.242,2.414
243,1853,0.425,0.34,20,3.278,3.049
244,1853,0.425,0.34,20,5.47,4.071
245,1853,0.425,0.34,20,8.038,4.934
246,1853,0.425,0.34,20,11.51,5.762
247,1853,0.425,0.34,20,15.514,6.454
248,1853,0.425,0.34,20,20.435,7.053
249,1853,0.425,0.34,20,25.545,7.488
250,1853,0.425,0.34,20,30.87,7.826
251,1853,0.425,0.34,30,0.095,0.192
252,1853,0.425,0.34,30,0.667,0.858
253,1853,0.425,0.34,30,1.723,1.693
254,1853,0.425,0.34,30,3.083,2.49
255,1853,0.425,0.34,30,5.018,3.382
256,1853,0.425,0.34,30,7.584,4.22
257,1853,0.425,0.34,30,11.613,5.169
258,1853,0.425,0.34,30,16.016,5.902
259,1853,0.425,0.34,30,20.665,6.465
260,1853,0.425,0.34,30,25.924,6.932
261,1853,0.425,0.34,30,31.241,7.278
262,1853,0.425,0.34,40,0.141,0.167
263,1853,0.425,0.34,40,0.73,0.709
264,1853,0.425,0.34,40,1.47,1.214
265,1853,0.425,0.34,40,2.681,1.93
266,1853,0.425,0.34,40,4.448,2.682
267,1853,0.425,0.34,40,7.125,3.561
268,1853,0.425,0.34,40,11.186,4.516
269,1853,0.425,0.34,40,16.123,5.327
270,1853,0.425,0.34,40,21.036,5.913
271,1853,0.425,0.34,40,25.96,6.42
272,1853,0.425,0.34,40,31.029,6.794
273,1457,0.35,0.22,20,0.09,0.227
274,1457,0.35,0.22,20,0.18,0.377
275,1457,0.35,0.22,20,0.29,0.549
276,1457,0.35,0.22,20,0.38,0.662
277,1457,0.35,0.22,20,0.48,0.782
278,1457,0.35,0.22,20,0.58,0.88
279,1457,0.35,0.22,20,0.69,0.987
280,1457,0.35,0.22,20,0.78,1.074
281,1457,0.35,0.22,20,0.89,1.169
282,1457,0.35,0.22,20,0.98,1.243
283,1457,0.35,0.22,20,1.55,1.604
284,1457,0.35,0.22,20,2.06,1.909
285,1457,0.35,0.22,20,3.07,2.387
286,1457,0.35,0.22,20,4.06,2.757
287,1457,0.35,0.22,20,5.07,3.067
288,1457,0.35,0.22,20,7.05,3.516
289,1457,0.35,0.22,20,10.06,4.031
290,1457,0.35,0.22,20,15.07,4.597
291,1457,0.35,0.22,20,20.06,4.962
292,1457,0.35,0.22,20,25.07,5.21
293,1457,0.35,0.22,20,30.07,5.382
294,1457,0.35,0.22,20,35,5.496
295,1457,0.35,0.22,30,0.1,0.188
296,1457,0.35,0.22,30,0.19,0.318
297,1457,0.35,0.22,30,0.3,0.45
298,1457,0.35,0.22,30,0.39,0.545
299,1457,0.35,0.22,30,0.5,0.648
300,1457,0.35,0.22,30,0.59,0.732
301,1457,0.35,0.22,30,0.7,0.824
302,1457,0.35,0.22,30,0.79,0.899
303,1457,0.35,0.22,30,0.9,0.983
304,1457,0.35,0.22,30,0.99,1.051
305,1457,0.35,0.22,30,1.49,1.372
306,1457,0.35,0.22,30,2.07,1.65
307,1457,0.35,0.22,30,3.08,2.092
308,1457,0.35,0.22,30,4.06,2.438
309,1457,0.35,0.22,30,5.05,2.726
310,1457,0.35,0.22,30,7.06,3.175
311,1457,0.35,0.22,30,10.06,3.682
312,1457,0.35,0.22,30,15.07,4.256
313,1457,0.35,0.22,30,20.06,4.637
314,1457,0.35,0.22,30,25.07,4.904
315,1457,0.35,0.22,30,30.07,5.095
316,1457,0.35,0.22,30,35,5.233
317,1457,0.35,0.22,60,0.1,0.109
318,1457,0.35,0.22,60,0.19,0.178
319,1457,0.35,0.22,60,0.3,0.246
320,1457,0.35,0.22,60,0.39,0.303
321,1457,0.35,0.22,60,0.5,0.365
322,1457,0.35,0.22,60,0.59,0.418
323,1457,0.35,0.22,60,0.7,0.479
324,1457,0.35,0.22,60,0.79,0.529
325,1457,0.35,0.22,60,0.9,0.583
326,1457,0.35,0.22,60,0.99,0.63
327,1457,0.35,0.22,60,1.49,0.856
328,1457,0.35,0.22,60,2.07,1.061
329,1457,0.35,0.22,60,3.08,1.4
330,1457,0.35,0.22,60,4.06,1.679
331,1457,0.35,0.22,60,5.07,1.921
332,1457,0.35,0.22,60,7.05,2.293
333,1457,0.35,0.22,60,10.05,2.75
334,1457,0.35,0.22,60,15.04,3.294
335,1457,0.35,0.22,60,20.04,3.676
336,1457,0.35,0.22,60,25.02,3.969
337,1457,0.35,0.22,60,30.02,4.187
338,1457,0.35,0.22,60,35,4.368
339,1457,0.35,0.22,90,0.1,0.067
340,1457,0.35,0.22,90,0.19,0.107
341,1457,0.35,0.22,90,0.3,0.154
342,1457,0.35,0.22,90,0.39,0.187
343,1457,0.35,0.22,90,0.48,0.218
344,1457,0.35,0.22,90,0.58,0.251
345,1457,0.35,0.22,90,0.69,0.289
346,1457,0.35,0.22,90,0.78,0.32
347,1457,0.35,0.22,90,0.89,0.357
348,1457,0.35,0.22,90,0.98,0.387
349,1457,0.35,0.22,90,1.55,0.544
350,1457,0.35,0.22,90,2.06,0.682
351,1457,0.35,0.22,90,3.07,0.93
352,1457,0.35,0.22,90,4.05,1.144
353,1457,0.35,0.22,90,5.07,1.334
354,1457,0.35,0.22,90,7.06,1.659
355,1457,0.35,0.22,90,10.06,2.046
356,1457,0.35,0.22,90,15.06,2.533
357,1457,0.35,0.22,90,20.06,2.9
358,1457,0.35,0.22,90,25.07,3.187
359,1457,0.35,0.22,90,30.07,3.413
360,1457,0.35,0.22,90,35,3.634
361,871,0.37,0.07,30.4,0.557,0.44
362,871,0.37,0.07,30.4,1.105,0.73
363,871,0.37,0.07,30.4,8.874,2.65
364,871,0.37,0.07,30.3,20.5,3.79
365,871,0.37,0.07,30,0.004622,0.0055
366,871,0.37,0.07,30,0.005451,0.0065
367,871,0.37,0.07,30,0.006778,0.008
368,871,0.37,0.07,30,0.008534,0.01
369,871,0.37,0.07,30,0.010362,0.0121
370,871,0.37,0.07,30,0.01453,0.0168
371,871,0.37,0.07,30,0.024076,0.0278
372,871,0.37,0.07,30,0.040017,0.0455
373,871,0.37,0.07,30,0.06059,0.0674
374,871,0.37,0.07,30,0.105405,0.1123
375,871,0.37,0.07,30,0.150297,0.1548
376,871,0.37,0.07,30,0.200488,0.1991
377,871,0.37,0.07,30,0.242604,0.2344
378,871,0.37,0.07,30,0.297157,0.2777
379,871,0.37,0.07,30,0.356686,0.323
380,871,0.37,0.07,30,0.443013,0.3849
381,871,0.37,0.07,30,0.540748,0.4499
382,871,0.37,0.07,30,0.659555,0.5235
383,871,0.37,0.07,30,0.805259,0.607
384,871,0.37,0.07,30,0.868148,0.6422
385,871,0.37,0.07,30,0.931165,0.6764
386,871,0.37,0.07,30,0.994644,0.709
387,871,0.37,0.07,30,1.200364,0.8082
388,1714,0.64,0.31,30,1.77,0.851
389,1714,0.64,0.31,30,3.92,1.569
390,1714,0.64,0.31,30,6.09,2.146
391,1714,0.64,0.31,30,8.49,2.671
392,1714,0.64,0.31,30,10.91,3.112
393,1714,0.64,0.31,30,13.87,3.554
394,1714,0.64,0.31,30,16.6,3.904
395,1714,0.64,0.31,30,19.23,4.179
396,1714,0.64,0.31,30,22.2,4.299
397,1714,0.64,0.31,30,25.09,4.513
398,1714,0.64,0.31,30,27.6,4.682
399,1714,0.64,0.31,30,29.6,4.809
400,1714,0.64,0.31,30,32,4.94
401,1714,0.64,0.31,50,1.97,0.779
402,1714,0.64,0.31,50,4.63,1.478
403,1714,0.64,0.31,50,7.58,2.091
404,1714,0.64,0.31,50,9.89,2.503
405,1714,0.64,0.31,50,12.94,2.95
406,1714,0.64,0.31,50,16.56,3.306
407,1714,0.64,0.31,50,20.46,3.635
408,1714,0.64,0.31,50,24.09,3.914
409,1714,0.64,0.31,50,27.89,4.164
410,1714,0.64,0.31,50,31.24,4.373
411,1683,0.61,0.2,30,0.15,0.159
412,1683,0.61,0.2,30,0.39,0.484
413,1683,0.61,0.2,30,0.71,0.846
414,1683,0.61,0.2,30,1.8,1.766
415,1683,0.61,0.2,30,4.24,3.15
416,1683,0.61,0.2,30,7.54,4.385
417,1683,0.61,0.2,30,11.17,5.379
418,1683,0.61,0.2,30,15.12,6.151
419,1683,0.61,0.2,30,18.77,6.707
420,1683,0.61,0.2,30,24.04,7.297
421,1683,0.61,0.2,30,29.08,7.733
422,1683,0.61,0.2,50,0.13,0.308
423,1683,0.61,0.2,50,0.35,0.514
424,1683,0.61,0.2,50,0.75,0.836
425,1683,0.61,0.2,50,2.54,1.906
426,1683,0.61,0.2,50,5.28,3.02
427,1683,0.61,0.2,50,8.4,3.929
428,1683,0.61,0.2,50,12.11,4.739
429,1683,0.61,0.2,50,16.62,5.413
430,1683,0.61,0.2,50,21.17,6.018
431,1683,0.61,0.2,50,25.62,6.492
432,1683,0.61,0.2,50,29.96,6.879
433,1378,0.45,0.54,30,0.18,0.1
434,1378,0.45,0.54,30,0.64,0.384
435,1378,0.45,0.54,30,1.06,0.606
436,1378,0.45,0.54,30,2.82,1.363
437,1378,0.45,0.54,30,5.87,2.317
438,1378,0.45,0.54,30,9.68,3.074
439,1378,0.45,0.54,30,13.61,3.762
440,1378,0.45,0.54,30,17.61,4.357
441,1378,0.45,0.54,30,22.09,4.917
442,1378,0.45,0.54,30,26.41,5.36
443,1378,0.45,0.54,30,30.74,5.768
444,1378,0.45,0.54,50,0.32,0.131
445,1378,0.45,0.54,50,0.67,0.272
446,1378,0.45,0.54,50,1.12,0.443
447,1378,0.45,0.54,50,2.71,0.934
448,1378,0.45,0.54,50,5.9,1.671
449,1378,0.45,0.54,50,9.69,2.369
450,1378,0.45,0.54,50,13.89,2.934
451,1378,0.45,0.54,50,19.07,3.556
452,1378,0.45,0.54,50,24.62,4.076
453,1378,0.45,0.54,50,30.22,4.548
454,1323,0.48,0.16,30,0.26,0.336
455,1323,0.48,0.16,30,0.64,0.79
456,1323,0.48,0.16,30,1.03,1.22
457,1323,0.48,0.16,30,2.7,2.343
458,1323,0.48,0.16,30,5.78,3.67
459,1323,0.48,0.16,30,9.49,4.683
460,1323,0.48,0.16,30,13.67,5.474
461,1323,0.48,0.16,30,18.19,6.083
462,1323,0.48,0.16,30,23.87,6.635
463,1323,0.48,0.16,30,29.57,7.065
464,1323,0.48,0.16,50,0.22,0.242
465,1323,0.48,0.16,50,0.64,0.626
466,1323,0.48,0.16,50,1.1,0.974
467,1323,0.48,0.16,50,2.87,1.941
468,1323,0.48,0.16,50,5.99,3.074
469,1323,0.48,0.16,50,9.89,4.034
470,1323,0.48,0.16,50,14.03,4.783
471,1323,0.48,0.16,50,18.51,5.38
472,1323,0.48,0.16,50,24.06,5.924
473,1323,0.48,0.16,50,30.27,6.351
474,982,0.36,0.2,30,0.19,0.398
475,982,0.36,0.2,30,0.48,0.941
476,982,0.36,0.2,30,0.99,1.6
477,982,0.36,0.2,30,2.58,2.884
478,982,0.36,0.2,30,5.92,4.32
479,982,0.36,0.2,30,9.86,5.23
480,982,0.36,0.2,30,14.28,5.821
481,982,0.36,0.2,30,18.47,6.165
482,982,0.36,0.2,30,23.86,6.333
483,982,0.36,0.2,30,29.85,6.338
484,982,0.36,0.2,50,2.03,1.798
485,982,0.36,0.2,50,5.45,3.144
486,982,0.36,0.2,50,9.89,4.071
487,982,0.36,0.2,50,14.28,4.605
488,982,0.36,0.2,50,18.47,4.91
489,982,0.36,0.2,50,23.86,5.048
490,982,0.36,0.2,50,29.86,4.999
491,1044,0.46,0.04,25,0.282,0.621
492,1044,0.46,0.04,25,0.6,1.05
493,1044,0.46,0.04,25,1,1.459
494,1044,0.46,0.04,25,2,2.123
495,1044,0.46,0.04,25,4,2.903
496,1044,0.46,0.04,25,7,3.56
497,1044,0.46,0.04,25,10,3.962
498,1044,0.46,0.04,25,15,4.376
499,1044,0.46,0.04,25,20,4.631
500,1044,0.46,0.04,25,25,4.8
501,1044,0.46,0.04,25,30,4.917
502,1044,0.46,0.04,25,35,4.995
503,1044,0.46,0.04,40,0.285,0.448
504,1044,0.46,0.04,40,0.6,0.793
505,1044,0.46,0.04,40,1,1.134
506,1044,0.46,0.04,40,2,1.723
507,1044,0.46,0.04,40,4,2.448
508,1044,0.46,0.04,40,7,3.091
509,1044,0.46,0.04,40,10,3.501
510,1044,0.46,0.04,40,15,3.937
511,1044,0.46,0.04,40,20,4.213
512,1044,0.46,0.04,40,25,4.401
513,1044,0.46,0.04,40,30,4.537
514,1044,0.46,0.04,40,35,4.631
515,1044,0.46,0.04,50,0.29,0.369
516,1044,0.46,0.04,50,0.61,0.663
517,1044,0.46,0.04,50,1,0.959
518,1044,0.46,0.04,50,2,1.496
519,1044,0.46,0.04,50,4,2.179
520,1044,0.46,0.04,50,7,2.806
521,1044,0.46,0.04,50,10,3.213
522,1044,0.46,0.04,50,15,3.653
523,1044,0.46,0.04,50,20,3.937
524,1044,0.46,0.04,50,25,4.133
525,1044,0.46,0.04,50,30,4.273
526,1044,0.46,0.04,50,35,4.372
527,3101,1.4,0.44,0,1.13,2.76
528,3101,1.4,0.44,0,1,2.55
529,3101,1.4,0.44,0,0.91,2.38
530,3101,1.4,0.44,0,0.8,2.16
531,3101,1.4,0.44,0,0.71,1.97
532,3101,1.4,0.44,0,0.616,1.76
533,3101,1.4,0.44,0,0.5,1.51
534,3101,1.4,0.44,0,0.41,1.28
535,3101,1.4,0.44,0,0.3,0.98
536,3101,1.4,0.44,0,0.21,0.72
537,2739,1.2,0.64,0,1.13,2.38
538,2739,1.2,0.64,0,1,2.19
539,2739,1.2,0.64,0,0.91,2.04
540,2739,1.2,0.64,0,0.8,1.84
541,2739,1.2,0.64,0,0.707,1.69
542,2739,1.2,0.64,0,0.595,1.46
543,2739,1.2,0.64,0,0.5,1.28
544,2739,1.2,0.64,0,0.41,1.08
545,2739,1.2,0.64,0,0.3,0.82
546,2772,1.24,0.41,0,1.13,2.2
547,2772,1.24,0.41,0,1,2.03
548,2772,1.24,0.41,0,0.91,1.88
549,2772,1.24,0.41,0,0.8,1.71
550,2772,1.24,0.41,0,0.71,1.56
551,2772,1.24,0.41,0,0.594,1.35
552,2772,1.24,0.41,0,0.5,1.19
553,2772,1.24,0.41,0,0.41,1.01
554,2772,1.24,0.41,0,0.3,0.769
555,2772,1.24,0.41,0,0.2,0.56
556,776,0.1894,0.3765,25,1,1.12
557,776,0.1894,0.3765,25,0.945,1.09
558,776,0.1894,0.3765,25,0.88,1.04
559,776,0.1894,0.3765,25,0.81,0.99
560,776,0.1894,0.3765,25,0.7,0.915
561,776,0.1894,0.3765,25,0.63,0.86
562,776,0.1894,0.3765,25,0.565,0.8
563,776,0.1894,0.3765,25,0.495,0.74
564,776,0.1894,0.3765,25,0.39,0.63
565,776,0.1894,0.3765,25,0.32,0.555
566,776,0.1894,0.3765,25,0.28,0.51
567,776,0.1894,0.3765,25,0.25,0.46
568,776,0.1894,0.3765,25,0.21,0.41
569,776,0.1894,0.3765,25,0.18,0.36
570,776,0.1894,0.3765,25,0.14,0.3
571,776,0.1894,0.3765,25,0.1,0.23
572,594,0.1498,0.0935,25,0.98,1.08
573,594,0.1498,0.0935,25,0.945,1.06
574,594,0.1498,0.0935,25,0.88,1.01
575,594,0.1498,0.0935,25,0.81,0.96
576,594,0.1498,0.0935,25,0.7,0.88
577,594,0.1498,0.0935,25,0.63,0.826
578,594,0.1498,0.0935,25,0.565,0.77
579,594,0.1498,0.0935,25,0.495,0.706
580,594,0.1498,0.0935,25,0.39,0.6
581,594,0.1498,0.0935,25,0.32,0.525
582,594,0.1498,0.0935,25,0.28,0.48
583,594,0.1498,0.0935,25,0.25,0.44
584,594,0.1498,0.0935,25,0.214,0.39
585,594,0.1498,0.0935,25,0.178,0.335
586,403,0.091,0.2367,25,0.98,0.9
587,403,0.091,0.2367,25,0.945,0.88
588,403,0.091,0.2367,25,0.88,0.85
589,403,0.091,0.2367,25,0.81,0.81
590,403,0.091,0.2367,25,0.7,0.75
591,403,0.091,0.2367,25,0.635,0.706
592,403,0.091,0.2367,25,0.565,0.66
593,403,0.091,0.2367,25,0.5,0.61
594,403,0.091,0.2367,25,0.39,0.524
595,403,0.091,0.2367,25,0.32,0.46
596,403,0.091,0.2367,25,0.28,0.42
597,403,0.091,0.2367,25,0.25,0.39
598,403,0.091,0.2367,25,0.21,0.34
599,403,0.091,0.2367,25,0.18,0.3
600,403,0.091,0.2367,25,0.14,0.25
601,776,0.1894,0.3765,15,0.98,1.26
602,776,0.1894,0.3765,15,0.94,1.23
603,776,0.1894,0.3765,15,0.88,1.19
604,776,0.1894,0.3765,15,0.81,1.135
605,776,0.1894,0.3765,15,0.7,1.05
606,776,0.1894,0.3765,15,0.63,1
607,776,0.1894,0.3765,15,0.56,0.93
608,776,0.1894,0.3765,15,0.49,0.86
609,776,0.1894,0.3765,15,0.39,0.75
610,776,0.1894,0.3765,15,0.32,0.66
611,776,0.1894,0.3765,15,0.28,0.619
612,776,0.1894,0.3765,15,0.25,0.56
613,776,0.1894,0.3765,15,0.21,0.51
614,776,0.1894,0.3765,15,0.18,0.45
615,776,0.1894,0.3765,15,0.14,0.38
616,776,0.1894,0.3765,15,0.1,0.29
617,776,0.1894,0.3765,15,0.06,0.19
618,776,0.1894,0.3765,15,0.035,0.12
619,776,0.1894,0.3765,35,0.98,0.93
620,776,0.1894,0.3765,35,0.95,0.91
621,776,0.1894,0.3765,35,0.88,0.87
622,776,0.1894,0.3765,35,0.81,0.82
623,776,0.1894,0.3765,35,0.7,0.75
624,776,0.1894,0.3765,35,0.64,0.71
625,776,0.1894,0.3765,35,0.56,0.65
626,776,0.1894,0.3765,35,0.49,0.6
627,776,0.1894,0.3765,35,0.39,0.5
628,776,0.1894,0.3765,35,0.32,0.44
629,776,0.1894,0.3765,35,0.28,0.4
630,776,0.1894,0.3765,35,0.246,0.36
631,776,0.1894,0.3765,35,0.21,0.32
632,776,0.1894,0.3765,35,0.18,0.28
633,776,0.1894,0.3765,35,0.14,0.23
634,776,0.1894,0.3765,35,0.1,0.18
635,776,0.1894,0.3765,35,0.06,0.11
636,3350,1.67,0.08,0,20,13.37
637,3350,1.67,0.08,0,19,13.08
638,3350,1.67,0.08,0,18.1,12.78
639,3350,1.67,0.08,0,17,12.42
640,3350,1.67,0.08,0,16,12.06
641,3350,1.67,0.08,0,15.1,11.7
642,3350,1.67,0.08,0,14.2,11.29
643,3350,1.67,0.08,0,13.1,10.83
644,3350,1.67,0.08,0,12,10.4
645,3350,1.67,0.08,0,11.1,9.94
646,3350,1.67,0.08,0,10.1,9.5
647,3350,1.67,0.08,0,9,8.9
648,3350,1.67,0.08,0,8,8.3
649,3350,1.67,0.08,0,7,7.65
650,3350,1.67,0.08,0,6,7
651,3350,1.67,0.08,0,5,6.26
652,3350,1.67,0.08,0,4,5.43
653,3350,1.67,0.08,0,3,4.5
654,3350,1.67,0.08,0,2,3.4
655,3350,1.67,0.08,10,20,12.3
656,3350,1.67,0.08,10,19,11.95
657,3350,1.67,0.08,10,18,11.64
658,3350,1.67,0.08,10,17,11.3
659,3350,1.67,0.08,10,16,10.94
660,3350,1.67,0.08,10,15,10.59
661,3350,1.67,0.08,10,14,10.2
662,3350,1.67,0.08,10,13,9.8
663,3350,1.67,0.08,10,12,9.35
664,3350,1.67,0.08,10,11,8.9
665,3350,1.67,0.08,10,10,8.4
666,3350,1.67,0.08,10,9,7.96
667,3350,1.67,0.08,10,8,7.4
668,3350,1.67,0.08,10,7,6.78
669,3350,1.67,0.08,10,6,6.18
670,3350,1.67,0.08,10,5,5.5
671,3350,1.67,0.08,10,4.1,4.77
672,3350,1.67,0.08,10,3.1,3.97
673,3350,1.67,0.08,20,20,11.16
674,3350,1.67,0.08,20,19,10.85
675,3350,1.67,0.08,20,18,10.51
676,3350,1.67,0.08,20,17,10.18
677,3350,1.67,0.08,20,16,9.8
678,3350,1.67,0.08,20,15,9.48
679,3350,1.67,0.08,20,14,9.1
680,3350,1.67,0.08,20,13,8.76
681,3350,1.67,0.08,20,12,8.32
682,3350,1.67,0.08,20,11,7.96
683,3350,1.67,0.08,20,10,7.47
684,3350,1.67,0.08,20,9,7
685,3350,1.67,0.08,20,8,6.5
686,3350,1.67,0.08,20,7,5.95
687,3350,1.67,0.08,20,6,5.39
688,3350,1.67,0.08,20,5,4.72
689,3350,1.67,0.08,20,4,4.07
690,3350,1.67,0.08,30,20.1,10.28
691,3350,1.67,0.08,30,19,10
692,3350,1.67,0.08,30,18.1,9.69
693,3350,1.67,0.08,30,17.05,9.36
694,3350,1.67,0.08,30,16,9
695,3350,1.67,0.08,30,15,8.68
696,3350,1.67,0.08,30,14,8.35
697,3350,1.67,0.08,30,13,7.96
698,3350,1.67,0.08,30,12,7.63
699,3350,1.67,0.08,30,11,7.22
700,3350,1.67,0.08,30,10,6.78
701,3350,1.67,0.08,30,9,6.32
702,3350,1.67,0.08,30,8,5.85
703,3350,1.67,0.08,30,7,5.39
704,3350,1.67,0.08,30,6,4.82
705,3350,1.67,0.08,30,5,4.25
706,3350,1.67,0.08,30,4,3.63
707,3350,1.67,0.08,40,20,9.48
708,3350,1.67,0.08,40,19,9.17
709,3350,1.67,0.08,40,18.2,9.02
710,3350,1.67,0.08,40,16.94,8.62
711,3350,1.67,0.08,40,16,8.35
712,3350,1.67,0.08,40,15.1,7.99
713,3350,1.67,0.08,40,14.1,7.62
714,3350,1.67,0.08,40,13,7.31
715,3350,1.67,0.08,40,12.1,6.94
716,3350,1.67,0.08,40,11,6.57
717,3350,1.67,0.08,40,10.1,6.16
718,3350,1.67,0.08,40,9,5.73
719,3350,1.67,0.08,40,8,5.25
720,3350,1.67,0.08,40,7,4.8
721,3350,1.67,0.08,40,6,4.3
722,3350,1.67,0.08,40,5,3.76
723,3350,1.67,0.08,40,4,3.2
724,3350,1.67,0.08,40,3,2.6
725,3350,1.67,0.08,40,2,1.96
726,3350,1.67,0.08,40,1.6,1.62
727,3350,1.67,0.08,0,1.03,2.11
728,3350,1.67,0.08,0,0.93,1.95
729,3350,1.67,0.08,0,0.83,1.8
730,3350,1.67,0.08,0,0.72,1.63
731,3350,1.67,0.08,0,0.63,1.47
732,3350,1.67,0.08,0,0.53,1.28
733,3350,1.67,0.08,0,0.43,1.1
734,3350,1.67,0.08,0,0.32,0.9
735,3350,1.67,0.08,0,0.23,0.68
736,3350,1.67,0.08,10,1.03,1.82
737,3350,1.67,0.08,10,0.92,1.68
738,3350,1.67,0.08,10,0.82,1.55
739,3350,1.67,0.08,10,0.7,1.38
740,3350,1.67,0.08,10,0.6,1.23
741,3350,1.67,0.08,10,0.5,1.08
742,3350,1.67,0.08,10,0.43,0.97
743,3350,1.67,0.08,10,0.33,0.8
744,3350,1.67,0.08,10,0.2,0.57
745,3350,1.67,0.08,20,1,1.43
746,3350,1.67,0.08,20,0.92,1.33
747,3350,1.67,0.08,20,0.83,1.22
748,3350,1.67,0.08,20,0.73,1.1
749,3350,1.67,0.08,20,0.6,0.94
750,3350,1.67,0.08,20,0.53,0.84
751,3350,1.67,0.08,20,0.43,0.71
752,3350,1.67,0.08,30,1.02,1.31
753,3350,1.67,0.08,30,0.9,1.18
754,3350,1.67,0.08,30,0.8,1.1
755,3350,1.67,0.08,30,0.7,0.99
756,3350,1.67,0.08,30,0.63,0.91
757,3350,1.67,0.08,30,0.5,0.76
758,3350,1.67,0.08,30,0.4,0.65
759,3350,1.67,0.08,40,1,1.14
760,3350,1.67,0.08,40,0.9,1.1
761,3350,1.67,0.08,40,0.8,0.98
762,3350,1.67,0.08,40,0.7,0.91
763,3350,1.67,0.08,40,0.63,0.82
764,3350,1.67,0.08,40,0.5,0.7
765,3350,1.67,0.08,40,0.43,0.62
766,3350,1.67,0.08,40,0.33,0.53
767,3350,1.67,0.08,40,0.23,0.42
768,3870,1.59,0.48,20,1,1.63
769,3870,1.59,0.48,20,0.95,1.58
770,3870,1.59,0.48,20,0.89,1.52
771,3870,1.59,0.48,20,0.84,1.47
772,3870,1.59,0.48,20,0.8,1.42
773,3870,1.59,0.48,20,0.75,1.37
774,3870,1.59,0.48,20,0.7,1.31
775,3870,1.59,0.48,20,0.66,1.26
776,3870,1.59,0.48,20,0.62,1.2
777,3870,1.59,0.48,20,0.55,1.12
778,3870,1.59,0.48,20,0.5,1.03
779,3870,1.59,0.48,20,0.43,0.94
780,3870,1.59,0.48,20,0.38,0.84
781,3870,1.59,0.48,20,0.35,0.79
782,3870,1.59,0.48,20,0.29,0.7
783,3870,1.59,0.48,20,0.27,0.65
784,3870,1.59,0.48,20,0.24,0.6
785,3870,1.59,0.48,20,0.21,0.53
786,3870,1.59,0.48,20,0.19,0.49
787,3870,1.59,0.48,20,0.17,0.44
788,3870,1.59,0.48,20,0.14,0.37
789,3630,1.47,0.48,20,1,1.49
790,3630,1.47,0.48,20,0.95,1.44
791,3630,1.47,0.48,20,0.9,1.38
792,3630,1.47,0.48,20,0.83,1.31
793,3630,1.47,0.48,20,0.79,1.26
794,3630,1.47,0.48,20,0.75,1.21
795,3630,1.47,0.48,20,0.7,1.16
796,3630,1.47,0.48,20,0.67,1.12
797,3630,1.47,0.48,20,0.63,1.07
798,3630,1.47,0.48,20,0.59,1.02
799,3630,1.47,0.48,20,0.55,0.96
800,3630,1.47,0.48,20,0.49,0.89
801,3630,1.47,0.48,20,0.44,0.81
802,3630,1.47,0.48,20,0.38,0.72
803,3630,1.47,0.48,20,0.31,0.61
804,3630,1.47,0.48,20,0.26,0.52
805,3630,1.47,0.48,20,0.22,0.44
806,3630,1.47,0.48,20,0.19,0.39
807,3630,1.47,0.48,20,0.17,0.36
808,3630,1.47,0.48,20,0.14,0.3
809,3630,1.47,0.48,20,0.12,0.26
810,3180,1.28,0.42,20,1,1.3
811,3180,1.28,0.42,20,0.94,1.23
812,3180,1.28,0.42,20,0.89,1.18
813,3180,1.28,0.42,20,0.84,1.13
814,3180,1.28,0.42,20,0.79,1.08
815,3180,1.28,0.42,20,0.75,1.04
816,3180,1.28,0.42,20,0.71,0.99
817,3180,1.28,0.42,20,0.67,0.95
818,3180,1.28,0.42,20,0.63,0.9
819,3180,1.28,0.42,20,0.59,0.87
820,3180,1.28,0.42,20,0.55,0.81
821,3180,1.28,0.42,20,0.49,0.74
822,3180,1.28,0.42,20,0.43,0.67
823,3180,1.28,0.42,20,0.38,0.59
824,3180,1.28,0.42,20,0.27,0.45
825,1510,0.64,0.19,20,1,1.22
826,1510,0.64,0.19,20,0.95,1.17
827,1510,0.64,0.19,20,0.9,1.14
828,1510,0.64,0.19,20,0.84,1.08
829,1510,0.64,0.19,20,0.75,0.99
830,2900,1.18,0.36,20,1,1.17
831,2900,1.18,0.36,20,0.95,1.13
832,2900,1.18,0.36,20,0.89,1.08
833,2900,1.18,0.36,20,0.85,1.05
834,2900,1.18,0.36,20,0.79,0.99
835,2900,1.18,0.36,20,0.71,0.92
836,2900,1.18,0.36,20,0.67,0.88
837,2900,1.18,0.36,20,0.62,0.82
838,2900,1.18,0.36,20,0.56,0.76
839,2900,1.18,0.36,20,0.49,0.68
840,2900,1.18,0.36,20,0.43,0.62
841,2900,1.18,0.36,20,0.39,0.57
842,2900,1.18,0.36,20,0.35,0.51
843,2900,1.18,0.36,20,0.32,0.47
844,2900,1.18,0.36,20,0.27,0.41
845,2900,1.18,0.36,20,0.24,0.38
846,2900,1.18,0.36,20,0.21,0.32
847,730,0.3,0.14,20,1,0.35
848,730,0.3,0.14,20,0.89,0.34
849,730,0.3,0.14,20,0.79,0.33
850,730,0.3,0.14,20,0.71,0.31
851,730,0.3,0.14,20,0.62,0.3
852,730,0.3,0.14,20,0.56,0.28
853,730,0.3,0.14,20,0.49,0.26
854,730,0.3,0.14,20,0.44,0.25
855,730,0.3,0.14,20,0.39,0.23
856,730,0.3,0.14,20,0.34,0.21
857,730,0.3,0.14,20,0.3,0.19
858,730,0.3,0.14,20,0.24,0.17
859,730,0.3,0.14,20,0.21,0.15
860,730,0.3,0.14,20,0.19,0.14
861,730,0.3,0.14,20,0.12,0.1
862,218,0.08,0.04,20,1.01,0.065
863,218,0.08,0.04,20,0.94,0.0593
864,218,0.08,0.04,20,0.89,0.0534
865,218,0.08,0.04,20,0.794,0.0448
866,218,0.08,0.04,20,0.698,0.0361
867,218,0.08,0.04,20,0.612,0.0302
868,671.17,0.267,0.066,25,1,0.98
869,671.17,0.267,0.066,25,0.58,0.74
870,671.17,0.267,0.066,25,0.52,0.67
871,671.17,0.267,0.066,25,0.46,0.61
872,671.17,0.267,0.066,25,0.4,0.56
873,671.17,0.267,0.066,25,0.33,0.5
874,671.17,0.267,0.066,25,0.25,0.39
875,671.17,0.267,0.066,25,0.18,0.28
876,671.17,0.267,0.066,25,0.12,0.21
877,671.17,0.267,0.066,25,0.06,0.14
878,671.17,0.267,0.066,35,1,0.81
879,671.17,0.267,0.066,35,0.59,0.6
880,671.17,0.267,0.066,35,0.53,0.55
881,671.17,0.267,0.066,35,0.46,0.5
882,671.17,0.267,0.066,35,0.39,0.44
883,671.17,0.267,0.066,35,0.32,0.39
884,671.17,0.267,0.066,35,0.26,0.32
885,671.17,0.267,0.066,35,0.18,0.25
886,671.17,0.267,0.066,35,0.12,0.18
887,671.17,0.267,0.066,35,0.067,0.095
888,671.17,0.267,0.066,50,0.5,0.446
889,671.17,0.267,0.066,50,0.534,0.412
890,671.17,0.267,0.066,50,0.468,0.366
891,671.17,0.267,0.066,50,0.398,0.33
892,671.17,0.267,0.066,50,0.333,0.286
893,671.17,0.267,0.066,50,0.265,0.227
894,671.17,0.267,0.066,50,0.19,0.179
895,671.17,0.267,0.066,50,0.123,0.1245
896,671.17,0.267,0.066,50,0.0722,0.0582
897,801,0.328,0.157,25,0.658,0.483
898,801,0.328,0.157,25,0.855,0.6
899,801,0.328,0.157,25,1.102,0.69
900,801,0.328,0.157,25,1.759,0.925
901,801,0.328,0.157,25,3.351,1.34
902,801,0.328,0.157,25,4.147,1.54
903,801,0.328,0.157,25,5.092,1.675
904,801,0.328,0.157,25,6.219,1.839
905,801,0.328,0.157,25,7.551,2.033
906,801,0.328,0.157,25,9.122,2.168
907,801,0.328,0.157,25,10.963,2.304
908,801,0.328,0.157,25,13.118,2.46
909,801,0.328,0.157,25,15.625,2.567
910,801,0.328,0.157,25,18.539,2.655
911,801,0.328,0.157,25,21.896,2.651
912,801,0.328,0.157,25,25.776,2.62
913,801,0.328,0.157,25,30.237,2.613
914,801,0.328,0.157,45,0.454,0.225
915,801,0.328,0.157,45,0.735,0.315
916,801,0.328,0.157,45,0.937,0.41
917,801,0.328,0.157,45,1.177,0.429
918,801,0.328,0.157,45,2.211,0.72
919,801,0.328,0.157,45,4.062,1.067
920,801,0.328,0.157,45,4.967,1.182
921,801,0.328,0.157,45,6.049,1.358
922,801,0.328,0.157,45,7.33,1.5
923,801,0.328,0.157,45,8.849,1.618
924,801,0.328,0.157,45,10.644,1.768
925,801,0.328,0.157,45,12.752,1.899
926,801,0.328,0.157,45,15.222,1.993
927,801,0.328,0.157,45,18.125,2.096
928,801,0.328,0.157,45,21.529,2.205
929,801,0.328,0.157,45,25.61,2.236
930,801,0.328,0.157,45,30.337,2.241
931,801,0.328,0.157,65,0.899,0.281
932,801,0.328,0.157,65,1.664,0.44
933,801,0.328,0.157,65,2.028,0.452
934,801,0.328,0.157,65,2.485,0.553
935,801,0.328,0.157,65,4.387,0.8325
936,801,0.328,0.157,65,5.012,0.927
937,801,0.328,0.157,65,6.331,1.029
938,801,0.328,0.157,65,7.654,1.186
939,801,0.328,0.157,65,9.23,1.289
940,801,0.328,0.157,65,11.117,1.425
941,801,0.328,0.157,65,13.33,1.53
942,801,0.328,0.157,65,15.85,1.702
943,801,0.328,0.157,65,18.924,1.805
944,801,0.328,0.157,65,22.571,1.941
945,801,0.328,0.157,65,26.815,1.98
946,801,0.328,0.157,65,31.747,1.958
947,801,0.328,0.157,65,38.095,1.932
948,801,0.328,0.157,85,0.577,0.194
949,801,0.328,0.157,85,0.849,0.193
950,801,0.328,0.157,85,1.275,0.257
951,801,0.328,0.157,85,1.88,0.354
952,801,0.328,0.157,85,2.793,0.478
953,801,0.328,0.157,85,2.419,0.424
954,801,0.328,0.157,85,3.4,0.556
955,801,0.328,0.157,85,4.99,0.753
956,801,0.328,0.157,85,7.257,0.986
957,801,0.328,0.157,85,9.029,1.089
958,801,0.328,0.157,85,10.861,1.249
959,801,0.328,0.157,85,13.034,1.359
960,801,0.328,0.157,85,15.62,1.535
961,801,0.328,0.157,85,18.699,1.698
962,801,0.328,0.157,85,22.301,1.777
963,801,0.328,0.157,85,26.573,1.913
964,801,0.328,0.157,85,31.573,1.958
965,645,0.214,0.073,30,0.2685,0.094
966,645,0.214,0.073,30,0.3698,0.288
967,645,0.214,0.073,30,0.6404,0.518
968,645,0.214,0.073,30,0.996,0.742
969,645,0.214,0.073,30,1.1166,0.814
970,645,0.214,0.073,30,1.3577,0.935
971,645,0.214,0.073,30,1.7367,1.081
972,645,0.214,0.073,30,2.2535,1.23
973,645,0.214,0.073,30,2.8401,1.384
974,645,0.214,0.073,30,3.3913,1.567
975,645,0.214,0.073,30,4.1837,1.689
976,645,0.214,0.073,30,5.0115,1.782
977,645,0.214,0.073,30,5.804,1.864
978,645,0.214,0.073,30,6.4584,1.954
979,645,0.214,0.073,30,6.1484,1.96
980,645,0.214,0.073,30,5.7,1.953
981,645,0.214,0.073,45,0.2351,0.106
982,645,0.214,0.073,45,0.4377,0.263
983,645,0.214,0.073,45,0.7427,0.461
984,645,0.214,0.073,45,1.013,0.623
985,645,0.214,0.073,45,1.53,0.77
986,645,0.214,0.073,45,2.0812,0.932
987,645,0.214,0.073,45,2.7368,1.082
988,645,0.214,0.073,45,3.4947,1.204
989,645,0.214,0.073,45,4.2181,1.327
990,645,0.214,0.073,45,5.0115,1.422
991,645,0.214,0.073,45,5.804,1.501
992,645,0.214,0.073,45,6.562,1.576
993,645,0.214,0.073,45,6.252,1.567
994,645,0.214,0.073,60,0.2351,0.09
995,645,0.214,0.073,60,0.3526,0.166
996,645,0.214,0.073,60,0.5056,0.224
997,645,0.214,0.073,60,0.7427,0.324
998,645,0.214,0.073,60,0.8775,0.422
999,645,0.214,0.073,60,1.0477,0.488
1000,645,0.214,0.073,60,1.2544,0.519
1001,645,0.214,0.073,60,1.564,0.588
1002,645,0.214,0.073,60,1.943,0.691
1003,645,0.214,0.073,60,2.4612,0.796
1004,645,0.214,0.073,60,3.0813,0.894
1005,645,0.214,0.073,60,3.7358,0.992
1006,645,0.214,0.073,60,4.4593,1.074
1007,645,0.214,0.073,60,5.1838,1.15
1008,645,0.214,0.073,60,5.9417,1.211
1009,645,0.214,0.073,60,6.596,1.259
1010,740,0.24,0.37,20,1.01,1.4
1011,1260,0.44,0.45,20,1.01,2
1012,898,0.53,0,0,1.068542,2.262
1013,898,0.53,0,0,1.0150383,2.21075
1014,898,0.53,0,0,0.9332901,2.12712
1015,898,0.53,0,0,0.867616,2.05428
1016,898,0.53,0,0,0.801942,1.95987
1017,898,0.53,0,0,0.7344308,1.88703
1018,898,0.53,0,0,0.6669197,1.79261
1019,898,0.53,0,0,0.601016,1.6982
1020,898,0.53,0,0,0.5353419,1.58355
1021,898,0.53,0,0,0.4659938,1.4581
1022,898,0.53,0,0,0.4021568,1.35424
1023,898,0.53,0,0,0.3346456,1.19778
1024,898,0.53,0,0,0.2671345,1.05076
1025,898,0.53,0,0,0.1993938,0.86327
1026,898,0.53,0,0,0.1318827,0.6542
1027,1123,0.64,0,0,1.0667049,2.10554
1028,1123,0.64,0,0,1.0150383,2.0327
1029,1123,0.64,0,0,0.9351272,1.95987
1030,1123,0.64,0,0,0.865779,1.86545
1031,1123,0.64,0,0,0.8001049,1.78182
1032,1123,0.64,0,0,0.7344308,1.68875
1033,1123,0.64,0,0,0.6669197,1.5741
1034,1123,0.64,0,0,0.601016,1.47969
1035,1123,0.64,0,0,0.5335049,1.36504
1036,1123,0.64,0,0,0.4678308,1.25039
1037,1123,0.64,0,0,0.3984827,1.13439
1038,1123,0.64,0,0,0.3328086,0.9995
1039,1123,0.64,0,0,0.2671345,0.84304
1040,1123,0.64,0,0,0.1993938,0.67579
1041,1123,0.64,0,0,0.1318827,0.49774
1042,898,0.53,0,25,1.0690372,1.56544
1043,898,0.53,0,25,1.0162153,1.52183
1044,898,0.53,0,25,0.9362055,1.45466
1045,898,0.53,0,25,0.8688834,1.39186
1046,898,0.53,0,25,0.8018203,1.32469
1047,898,0.53,0,25,0.7332035,1.25752
1048,898,0.53,0,25,0.6689886,1.18512
1049,898,0.53,0,25,0.6016664,1.11272
1050,898,0.53,0,25,0.5358979,1.03073
1051,898,0.53,0,25,0.4688347,0.94001
1052,898,0.53,0,25,0.4030662,0.85278
1053,898,0.53,0,25,0.3344494,0.7516
1054,898,0.53,0,25,0.2699756,0.64081
1055,898,0.53,0,25,0.2029124,0.51084
1056,898,0.53,0,25,0.1355903,0.37651
1057,699,0.31,0,25,1.066189,1.39186
1058,699,0.31,0,25,1.013367,1.36307
1059,699,0.31,0,25,0.934652,1.30114
1060,699,0.31,0,25,0.8688834,1.2427
1061,699,0.31,0,25,0.8031149,1.18512
1062,699,0.31,0,25,0.7360517,1.13191
1063,699,0.31,0,25,0.667435,1.06475
1064,699,0.31,0,25,0.60322,1.00194
1065,699,0.31,0,25,0.5358979,0.94001
1066,699,0.31,0,25,0.4688347,0.85278
1067,699,0.31,0,25,0.4030662,0.77079
1068,699,0.31,0,25,0.3372977,0.68007
1069,1123,0.64,0,25,1.0690372,1.34912
1070,1123,0.64,0,25,1.0162153,1.31073
1071,1123,0.64,0,25,0.9362055,1.2331
1072,1123,0.64,0,25,0.8688834,1.18076
1073,1123,0.64,0,25,0.8018203,1.11272
1074,1123,0.64,0,25,0.7347571,1.04556
1075,1123,0.64,0,25,0.6689886,0.97316
1076,1123,0.64,0,25,0.60322,0.91035
1077,1123,0.64,0,25,0.5358979,0.83882
1078,1123,0.64,0,25,0.4701294,0.76119
1079,1123,0.64,0,25,0.4043609,0.67047
1080,1123,0.64,0,25,0.3372977,0.57888
1081,1123,0.64,0,25,0.2686809,0.48729
1082,1123,0.64,0,25,0.2029124,0.38087
1083,1123,0.64,0,25,0.1371439,0.27009
1084,1006,0.57,0,25,1.0677426,1.27148
1085,1006,0.57,0,25,1.0146617,1.2331
1086,1006,0.57,0,25,0.934652,1.1607
1087,1006,0.57,0,25,0.870437,1.10836
1088,1006,0.57,0,25,0.8018203,1.04032
1089,1006,0.57,0,25,0.7360517,0.97839
1090,1006,0.57,0,25,0.6689886,0.91559
1091,1006,0.57,0,25,0.6016664,0.84319
1092,1006,0.57,0,25,0.5374515,0.77602
1093,1006,0.57,0,25,0.4672812,0.68966
1094,1006,0.57,0,25,0.4015126,0.61726
1095,1006,0.57,0,25,0.3372977,0.53003
1096,898,0.53,0,50,1.0701019,1.07864
1097,898,0.53,0,50,1.0166762,1.04121
1098,898,0.53,0,50,0.9367921,0.9872
1099,898,0.53,0,50,0.8693739,0.93994
1100,898,0.53,0,50,0.8034822,0.88899
1101,898,0.53,0,50,0.7360641,0.84174
1102,898,0.53,0,50,0.6701724,0.78404
1103,898,0.53,0,50,0.6040262,0.73003
1104,898,0.53,0,50,0.5366081,0.66866
1105,898,0.53,0,50,0.4694443,0.60421
1106,898,0.53,0,50,0.4020262,0.5367
1107,898,0.53,0,50,0.3358801,0.46551
1108,898,0.53,0,50,0.2671899,0.38756
1109,898,0.53,0,50,0.2012982,0.30286
1110,699,0.31,0,50,1.0701019,0.94301
1111,699,0.31,0,50,1.0154042,0.916
1112,699,0.31,0,50,0.9352656,0.86506
1113,699,0.31,0,50,0.8709004,0.82148
1114,699,0.31,0,50,0.8034822,0.77729
1115,699,0.31,0,50,0.7360641,0.73003
1116,699,0.31,0,50,0.6701724,0.68584
1117,699,0.31,0,50,0.6027542,0.63183
1118,699,0.31,0,50,0.5366081,0.58089
1119,699,0.31,0,50,0.4679179,0.5232
1120,699,0.31,0,50,0.4032982,0.46919
1121,699,0.31,0,50,0.3358801,0.40474
1122,699,0.31,0,50,0.2684619,0.33662
1123,1123,0.64,0,50,1.0701019,0.9025
1124,1123,0.64,0,50,1.0166762,0.87181
1125,1123,0.64,0,50,0.9367921,0.81473
1126,1123,0.64,0,50,0.8693739,0.77361
1127,1123,0.64,0,50,0.8019558,0.72635
1128,1123,0.64,0,50,0.7373361,0.67909
1129,1123,0.64,0,50,0.6701724,0.63183
1130,1123,0.64,0,50,0.6027542,0.57721
1131,1123,0.64,0,50,0.5366081,0.52627
1132,1123,0.64,0,50,0.4694443,0.47226
1133,1123,0.64,0,50,0.4032982,0.40781
1134,1123,0.64,0,50,0.3358801,0.3538
1135,1123,0.64,0,50,0.2671899,0.29304
1136,1123,0.64,0,50,0.2012982,0.22185
1137,1123,0.64,0,50,0.1351521,0.15065
1138,1006,0.57,0,50,1.0701019,0.8313
1139,1006,0.57,0,50,1.0166762,0.79386
1140,1006,0.57,0,50,0.9367921,0.7466
1141,1006,0.57,0,50,0.8709004,0.70241
1142,1006,0.57,0,50,0.8034822,0.65884
1143,1006,0.57,0,50,0.7360641,0.61465
1144,1006,0.57,0,50,0.6686459,0.56739
1145,1006,0.57,0,50,0.6012278,0.51952
1146,1006,0.57,0,50,0.5366081,0.47226
1147,1006,0.57,0,50,0.4679179,0.42132
1148,1006,0.57,0,50,0.4032982,0.37406
1149,1006,0.57,0,50,0.3358801,0.31636
1150,1037,0.33,0.23,25,0.995,1.638
1151,1037,0.33,0.23,25,0.926,1.573
1152,1037,0.33,0.23,25,0.825,1.475
1153,1037,0.33,0.23,25,0.694,1.33
1154,1037,0.33,0.23,25,0.61,1.23
1155,1037,0.33,0.23,25,0.5,1.09
1156,1037,0.33,0.23,25,0.4,0.936
1157,1037,0.33,0.23,25,0.3,0.763
1158,1037,0.33,0.23,25,0.2,0.57
1159,1037,0.33,0.23,25,0.15,0.45
1160,1037,0.33,0.23,25,0.1,0.32
1161,1154,0.38,0.13,25,0.99,1.81
1162,1154,0.38,0.13,25,0.9,1.71
1163,1154,0.38,0.13,25,0.813,1.615
1164,1154,0.38,0.13,25,0.707,1.492
1165,1154,0.38,0.13,25,0.606,1.352
1166,1154,0.38,0.13,25,0.492,1.187
1167,1154,0.38,0.13,25,0.403,1.04
1168,1154,0.38,0.13,25,0.303,0.855
1169,1154,0.38,0.13,25,0.199,0.627
1170,910,0.374,0.081,12,3.5,1.45
1171,910,0.374,0.081,12,6.7,3.15
1172,910,0.374,0.081,12,10.7,4.63
1173,910,0.374,0.081,12,15.5,5.87
1174,910,0.374,0.081,12,21,6.85
1175,910,0.374,0.081,12,26.7,7.77
1176,910,0.374,0.081,12,33.2,8.36
1177,910,0.374,0.081,27,4.2,1.11
1178,910,0.374,0.081,27,7.5,2.62
1179,910,0.374,0.081,27,11.5,3.97
1180,910,0.374,0.081,27,15.7,5.29
1181,910,0.374,0.081,27,20.7,6.35
1182,910,0.374,0.081,27,26.5,7.11
1183,910,0.374,0.081,27,32.5,7.79
1184,910,0.374,0.081,47,4.5,0.87
1185,910,0.374,0.081,47,8,2.21
1186,910,0.374,0.081,47,12,3.42
1187,910,0.374,0.081,47,16.2,4.59
1188,910,0.374,0.081,47,21.2,5.49
1189,910,0.374,0.081,47,26.7,6.21
1190,910,0.374,0.081,47,33,6.62
1191,1071,0.393,0.123,12,4.6,1.74
1192,1071,0.393,0.123,12,9.1,3.79
1193,1071,0.393,0.123,12,14,5.66
1194,1071,0.393,0.123,12,19.6,7.02
1195,1071,0.393,0.123,12,25.5,8.22
1196,1071,0.393,0.123,12,31.7,9.22
1197,1071,0.393,0.123,27,4.9,1.36
1198,1071,0.393,0.123,27,9.4,3.25
1199,1071,0.393,0.123,27,14.4,4.84
1200,1071,0.393,0.123,27,19.8,6.19
1201,1071,0.393,0.123,27,25.7,7.12
1202,1071,0.393,0.123,27,31.9,7.93
1203,1071,0.393,0.123,47,5,1.18
1204,1071,0.393,0.123,47,9.9,2.56
1205,1071,0.393,0.123,47,15,3.87
1206,1071,0.393,0.123,47,20.6,4.83
1207,1071,0.393,0.123,47,26.6,5.5
1208,1071,0.393,0.123,47,32.8,6.04
1209,803,0.2068,0.2632,30,1.1,1.1
1210,803,0.2068,0.2632,30,0.982,1.06
1211,803,0.2068,0.2632,30,0.8555,0.976
1212,803,0.2068,0.2632,30,0.716,0.878
1213,803,0.2068,0.2632,30,0.592,0.776
1214,803,0.2068,0.2632,30,0.476,0.661
1215,803,0.2068,0.2632,30,0.36,0.541
1216,803,0.2068,0.2632,30,0.24,0.394
1217,803,0.2068,0.2632,30,0.125,0.234
1218,1100,0.3787,0,25,1,1.46
1219,1100,0.3787,0,25,0.933,1.412
1220,1100,0.3787,0,25,0.8,1.31
1221,1100,0.3787,0,25,0.732,1.256
1222,1100,0.3787,0,25,0.6,1.12
1223,1100,0.3787,0,25,0.532,1.043
1224,1100,0.3787,0,25,0.4,0.868
1225,1100,0.3787,0,25,0.33,0.757
1226,1100,0.3787,0,25,0.2685,0.6495
1227,1100,0.3787,0,25,0.1879,0.4941
1228,1100,0.3787,0,25,0.0981,0.2874
1229,1130,0.4509,0,25,1,1.55
1230,1130,0.4509,0,25,0.933,1.527
1231,1130,0.4509,0,25,0.8,1.457
1232,1130,0.4509,0,25,0.733,1.406
1233,1130,0.4509,0,25,0.667,1.35
1234,1130,0.4509,0,25,0.6,1.28556
1235,1130,0.4509,0,25,0.535,1.205
1236,1130,0.4509,0,25,0.4,1.017
1237,1130,0.4509,0,25,0.332,0.9
1238,1130,0.4509,0,25,0.214,0.655
1239,1130,0.4509,0,25,0.1,0.3461
1240,1230,0.4547,0,25,1,1.5
1241,1230,0.4547,0,25,0.933,1.451
1242,1230,0.4547,0,25,0.8,1.338
1243,1230,0.4547,0,25,0.733,1.272
1244,1230,0.4547,0,25,0.6,1.126
1245,1230,0.4547,0,25,0.534,1.043
1246,1230,0.4547,0,25,0.47,0.955
1247,1230,0.4547,0,25,0.4,0.86
1248,1230,0.4547,0,25,0.33,0.743
1249,1230,0.4547,0,25,0.214,0.534
1250,1340,0.4649,0,25,1,1.5
1251,1340,0.4649,0,25,0.931,1.447
1252,1340,0.4649,0,25,0.797,1.32
1253,1340,0.4649,0,25,0.732,1.26
1254,1340,0.4649,0,25,0.6,1.1
1255,1340,0.4649,0,25,0.53,1.02
1256,1340,0.4649,0,25,0.4,0.84
1257,1340,0.4649,0,25,0.327,0.724
1258,1340,0.4649,0,25,0.212,0.514
1259,1340,0.4649,0,25,0.094,0.261
1260,1960,0.7297,0,25,1,1.24
1261,1960,0.7297,0,25,0.935,1.19
1262,1960,0.7297,0,25,0.8,1.08
1263,1960,0.7297,0,25,0.734,1.02
1264,1960,0.7297,0,25,0.6,0.886
1265,1960,0.7297,0,25,0.534,0.811
1266,1960,0.7297,0,25,0.4,0.652
1267,1960,0.7297,0,25,0.331,0.558
1268,1960,0.7297,0,25,0.215,0.391
1269,1960,0.7297,0,25,0.101,0.194
1270,1100,0.3787,0,0,1,2.262
1271,1100,0.3787,0,0,0.93,2.2
1272,1100,0.3787,0,0,0.8,2.065
1273,1100,0.3787,0,0,0.732,1.987
1274,1100,0.3787,0,0,0.6,1.8
1275,1100,0.3787,0,0,0.531,1.696
1276,1100,0.3787,0,0,0.4,1.45
1277,1100,0.3787,0,0,0.328,1.284
1278,1100,0.3787,0,0,0.213,0.97
1279,1100,0.3787,0,0,0.08,0.472
1280,1130,0.4509,0,0,1,2.522
1281,1130,0.4509,0,0,0.934,2.48
1282,1130,0.4509,0,0,0.8,2.365
1283,1130,0.4509,0,0,0.733,2.292
1284,1130,0.4509,0,0,0.6,2.1
1285,1130,0.4509,0,0,0.47,1.867
1286,1130,0.4509,0,0,0.4,1.716
1287,1130,0.4509,0,0,0.332,1.538
1288,1130,0.4509,0,0,0.215,1.164
1289,1130,0.4509,0,0,0.1,0.66677
1290,1230,0.4547,0,0,1,2.317
1291,1230,0.4547,0,0,0.932,2.24
1292,1230,0.4547,0,0,0.8,2.09
1293,1230,0.4547,0,0,0.73,2
1294,1230,0.4547,0,0,0.6,1.8
1295,1230,0.4547,0,0,0.53,1.678
1296,1230,0.4547,0,0,0.4,1.43
1297,1230,0.4547,0,0,0.327,1.25
1298,1230,0.4547,0,0,0.212,0.941
1299,1230,0.4547,0,0,0.08,0.4381
1300,1340,0.4649,0,0,1,2.35142
1301,1340,0.4649,0,0,0.931,2.27
1302,1340,0.4649,0,0,0.863,2.19
1303,1340,0.4649,0,0,0.731,2.01
1304,1340,0.4649,0,0,0.596,1.8
1305,1340,0.4649,0,0,0.53,1.68
1306,1340,0.4649,0,0,0.4,1.42
1307,1340,0.4649,0,0,0.333,1.265
1308,1340,0.4649,0,0,0.211,0.929
1309,1340,0.4649,0,0,0.079,0.438
1310,1960,0.7297,0,0,1,2.04375
1311,1960,0.7297,0,0,0.93,1.97
1312,1960,0.7297,0,0,0.865,1.88
1313,1960,0.7297,0,0,0.8,1.79
1314,1960,0.7297,0,0,0.732,1.71
1315,1960,0.7297,0,0,0.6,1.5
1316,1960,0.7297,0,0,0.532,1.38
1317,1960,0.7297,0,0,0.4,1.138
1318,1960,0.7297,0,0,0.328,0.989
1319,1960,0.7297,0,0,0.215,0.7105
1320,1960,0.7297,0,0,0.097,0.3675
1321,1800,0.7,0.18,25,1.2,2.04
1322,1800,0.7,0.18,25,1.11,1.94
1323,1800,0.7,0.18,25,1,1.8
1324,1800,0.7,0.18,25,0.9,1.678
1325,1800,0.7,0.18,25,0.8,1.551
1326,1800,0.7,0.18,25,0.71,1.42
1327,1800,0.7,0.18,25,0.59,1.25
1328,1800,0.7,0.18,25,0.5,1.1
1329,1800,0.7,0.18,25,0.41,0.948
1330,1800,0.7,0.18,25,0.314,0.769
1331,1800,0.7,0.18,25,0.193,0.524
1332,1800,0.7,0.18,25,0.1,0.31
1333,2420,0.94,0.23,25,1.2,1.66
1334,2420,0.94,0.23,25,1.11,1.56
1335,2420,0.94,0.23,25,1,1.44
1336,2420,0.94,0.23,25,0.895,1.33
1337,2420,0.94,0.23,25,0.8,1.22
1338,2420,0.94,0.23,25,0.71,1.113
1339,2420,0.94,0.23,25,0.593,0.953
1340,2420,0.94,0.23,25,0.5,0.831
1341,2420,0.94,0.23,25,0.41,0.703
1342,2420,0.94,0.23,25,0.314,0.562
1343,2420,0.94,0.23,25,0.223,0.416
1344,2420,0.94,0.23,25,0.132,0.256
1345,2420,0.94,0.23,25,0.1,0.205
1346,2640,1.02,0.26,25,1.2,1.932
1347,2640,1.02,0.26,25,1.11,1.83
1348,2640,1.02,0.26,25,1.02,1.71
1349,2640,1.02,0.26,25,0.925,1.584
1350,2640,1.02,0.26,25,0.804,1.42
1351,2640,1.02,0.26,25,0.714,1.296
1352,2640,1.02,0.26,25,0.625,1.164
1353,1770,0.68,0.23,25,1.2,1.79
1354,1770,0.68,0.23,25,1.11,1.704
1355,1770,0.68,0.23,25,1.01,1.6
1356,1770,0.68,0.23,25,0.93,1.5
1357,1770,0.68,0.23,25,0.807,1.35
1358,1770,0.68,0.23,25,0.716,1.23
1359,1770,0.68,0.23,25,0.6,1.08
1360,914.3,0.32,0.03,25,1,1.865
1361,914.3,0.32,0.03,25,0.895,1.75
1362,914.3,0.32,0.03,25,0.82,1.674
1363,914.3,0.32,0.03,25,0.715,1.553
1364,914.3,0.32,0.03,25,0.573,1.369
1365,914.3,0.32,0.03,25,0.5,1.26
1366,914.3,0.32,0.03,25,0.394,1.084
1367,914.3,0.32,0.03,25,0.2887,0.882
1368,914.3,0.32,0.03,25,0.217,0.718
1369,841.63,0.3,0.02,25,1,1.77
1370,841.63,0.3,0.02,25,0.894,1.661
1371,841.63,0.3,0.02,25,0.821,1.589
1372,841.63,0.3,0.02,25,0.713,1.464
1373,841.63,0.3,0.02,25,0.573,1.291
1374,841.63,0.3,0.02,25,0.5,1.186
1375,841.63,0.3,0.02,25,0.394,1.022
1376,841.63,0.3,0.02,25,0.2887,0.829
1377,841.63,0.3,0.02,25,0.217,0.675
1378,841.63,0.3,0.02,25,0.181,0.59
1379,841.63,0.3,0.02,25,0.105,0.383
1380,841.63,0.3,0.02,25,0.062,0.243
1381,423.91,0.15,0.01,25,1,1.333
1382,423.91,0.15,0.01,25,0.89,1.251
1383,423.91,0.15,0.01,25,0.816,1.196
1384,423.91,0.15,0.01,25,0.711,1.107
1385,423.91,0.15,0.01,25,0.568,0.957
1386,423.91,0.15,0.01,25,0.496,0.8715
1387,423.91,0.15,0.01,25,0.391,0.75
1388,423.91,0.15,0.01,25,0.312,0.659
1389,423.91,0.15,0.01,25,0.285,0.6
1390,423.91,0.15,0.01,25,0.214,0.478
1391,423.91,0.15,0.01,25,0.141,0.349
1392,423.91,0.15,0.01,25,0.108,0.272
1393,423.91,0.15,0.01,25,0.063,0.171
1394,2151,0.85,0.05,25,20,10.24
1395,2151,0.85,0.05,25,18,9.75
1396,2151,0.85,0.05,25,16,9.25
1397,2151,0.85,0.05,25,14,8.7
1398,2151,0.85,0.05,25,12,8.1
1399,2151,0.85,0.05,25,10,7.42
1400,2151,0.85,0.05,25,9,7.02
1401,2151,0.85,0.05,25,8,6.62
1402,2151,0.85,0.05,25,7,6.15
1403,2151,0.85,0.05,25,6,5.67
1404,2151,0.85,0.05,25,5,5.12
1405,2151,0.85,0.05,25,4,4.52
1406,1598,0.6,0.03,25,20,8.52
1407,1598,0.6,0.03,25,18,8.16
1408,1598,0.6,0.03,25,16,7.83
1409,1598,0.6,0.03,25,14,7.4
1410,1598,0.6,0.03,25,12,6.94
1411,1598,0.6,0.03,25,11,6.7
1412,1598,0.6,0.03,25,10,6.43
1413,1598,0.6,0.03,25,9,6.165
1414,1598,0.6,0.03,25,8,5.824
1415,1598,0.6,0.03,25,7,5.48
1416,1598,0.6,0.03,25,6,5.104
1417,1220,0.47,0,25,20,7.15
1418,1220,0.47,0,25,18,6.9
1419,1220,0.47,0,25,16,6.66
1420,1220,0.47,0,25,14,6.37
1421,1220,0.47,0,25,12,6.09
1422,1220,0.47,0,25,10,5.73
1423,1220,0.47,0,25,9,5.521
1424,1220,0.47,0,25,8,5.295
1425,1220,0.47,0,25,7,5.048
1426,1220,0.47,0,25,6,4.763
1427,1220,0.47,0,25,5,4.423
1428,1220,0.47,0,25,1,2.09
1429,1220,0.47,0,25,0.8,1.77
1430,1220,0.47,0,25,0.6,1.476
1431,1220,0.47,0,25,0.4,1.128
1432,1220,0.47,0,25,0.226,0.75
1433,1220,0.47,0,25,0.115,0.4423
1434,1220,0.47,0,25,0.058,0.2456
1435,593,0.22,0.03,25,1,0.44
1436,593,0.22,0.03,25,0.81,0.35
1437,593,0.22,0.03,25,0.61,0.281
1438,593,0.22,0.03,25,0.4,0.204
1439,593,0.22,0.03,25,0.22,0.11
1440,885,0.327,0.156,40,1,0.64
1441,885,0.327,0.156,40,0.91,0.58
1442,885,0.327,0.156,40,0.81,0.536
1443,885,0.327,0.156,40,0.71,0.487
1444,885,0.327,0.156,40,0.61,0.432
1445,885,0.327,0.156,40,0.51,0.373
1446,885,0.327,0.156,40,0.406,0.299
1447,885,0.327,0.156,40,0.305,0.234
1448,885,0.327,0.156,40,0.205,0.1604
1449,790,0.256,0.069,40,1,1.38
1450,790,0.256,0.069,40,0.915,1.3
1451,790,0.256,0.069,40,0.81,1.22
1452,790,0.256,0.069,40,0.71,1.12
1453,790,0.256,0.069,40,0.61,1.026
1454,790,0.256,0.069,40,0.51,0.92
1455,790,0.256,0.069,40,0.41,0.796
1456,790,0.256,0.069,40,0.305,0.655
1457,790,0.256,0.069,40,0.204,0.482
1458,790,0.256,0.069,40,0.1,0.284
1459,496,0.205,0.015,40,1,0.89
1460,496,0.205,0.015,40,0.915,0.85
1461,496,0.205,0.015,40,0.81,0.783
1462,496,0.205,0.015,40,0.71,0.718
1463,496,0.205,0.015,40,0.61,0.653
1464,496,0.205,0.015,40,0.51,0.596
1465,496,0.205,0.015,40,0.41,0.512
1466,496,0.205,0.015,40,0.31,0.41
1467,496,0.205,0.015,40,0.2,0.315
1468,496,0.205,0.015,40,0.103,0.193
1469,310,0.109,0.021,40,1,0.45
1470,310,0.109,0.021,40,0.91,0.405
1471,310,0.109,0.021,40,0.81,0.382
1472,310,0.109,0.021,40,0.71,0.351
1473,310,0.109,0.021,40,0.61,0.312
1474,310,0.109,0.021,40,0.506,0.281
1475,310,0.109,0.021,40,0.406,0.234
1476,310,0.109,0.021,40,0.306,0.189
1477,310,0.109,0.021,40,0.2,0.134
1478,1452,0.6,0.05,20,1,0.92
1479,1452,0.6,0.05,20,10,4.38
1480,1452,0.6,0.05,20,7,3.686
1481,1452,0.6,0.05,20,5,3.071
1482,1452,0.6,0.05,20,3,2.22
1483,1452,0.6,0.05,20,2,1.67
1484,809,0.32,0.07,20,1,1.14
1485,809,0.32,0.07,20,10,3.071
1486,809,0.32,0.07,20,7,2.775
1487,809,0.32,0.07,20,5,2.458
1488,809,0.32,0.07,20,3,2
1489,809,0.32,0.07,20,2,1.667
1490,809,0.32,0.07,20,1.5,1.43
1491,1215,0.5,0.229,20,1,0.58
1492,1215,0.5,0.229,20,0.934,0.55
1493,1215,0.5,0.229,20,0.8,0.5
1494,1215,0.5,0.229,20,0.734,0.47
1495,1215,0.5,0.229,20,0.669,0.435
1496,1215,0.5,0.229,20,0.6,0.41
1497,1215,0.5,0.229,20,0.533,0.374
1498,1215,0.5,0.229,20,0.468,0.338
1499,1215,0.5,0.229,20,0.4,0.3
1500,1215,0.5,0.229,20,0.336,0.26
1501,1215,0.5,0.229,20,0.269,0.218
1502,1215,0.5,0.229,20,0.2,0.174
1503,1215,0.5,0.229,20,0.1343,0.12128
1504,1215,0.5,0.229,20,0.0784,0.07186
1505,1215,0.5,0.229,20,0.03858,0.03652
1506,1966,0.82,0.502,20,1,0.87
1507,1966,0.82,0.502,20,0.935,0.82
1508,1966,0.82,0.502,20,0.868,0.776
1509,1966,0.82,0.502,20,0.8,0.731
1510,1966,0.82,0.502,20,0.734,0.683
1511,1966,0.82,0.502,20,0.667,0.632
1512,1966,0.82,0.502,20,0.6,0.584
1513,1966,0.82,0.502,20,0.534,0.529
1514,1966,0.82,0.502,20,0.468,0.475
1515,1966,0.82,0.502,20,0.4,0.419
1516,1966,0.82,0.502,20,0.334,0.36
1517,1966,0.82,0.502,20,0.267,0.294
1518,1966,0.82,0.502,20,0.2,0.2304
1519,1966,0.82,0.502,20,0.133,0.16
1520,1966,0.82,0.502,20,0.076,0.093
1521,1966,0.82,0.502,20,0.036,0.04812
1522,1482,0.56,0.561,20,1,0.6
1523,1482,0.56,0.561,20,0.934,0.568
1524,1482,0.56,0.561,20,0.866,0.543
1525,1482,0.56,0.561,20,0.8,0.514
1526,1482,0.56,0.561,20,0.734,0.485
1527,1482,0.56,0.561,20,0.668,0.454
1528,1482,0.56,0.561,20,0.6,0.426
1529,1482,0.56,0.561,20,0.536,0.392
1530,1482,0.56,0.561,20,0.468,0.358
1531,1482,0.56,0.561,20,0.4,0.3216
1532,1482,0.56,0.561,20,0.333,0.282
1533,1482,0.56,0.561,20,0.268,0.24
1534,1482,0.56,0.561,20,0.2,0.196
1535,1482,0.56,0.561,20,0.13505,0.14556
1536,1338,0.487,0.062,25,0.09,0.25
1537,1338,0.487,0.062,25,0.3,0.68
1538,1338,0.487,0.062,25,0.71,1.19
1539,1338,0.487,0.062,25,1,1.46
1540,1338,0.487,0.062,25,3.01,2.45
1541,1338,0.487,0.062,25,7.01,3.27
1542,1338,0.487,0.062,25,10,3.6
1543,1338,0.487,0.062,25,15,3.92
1544,1338,0.487,0.062,25,20,4.13
1545,1338,0.487,0.062,25,25,4.24
1546,1338,0.487,0.062,25,30,4.35
1547,1338,0.487,0.062,25,35,4.42
1548,1338,0.487,0.062,35,0.09,0.19
1549,1338,0.487,0.062,35,0.3,0.54
1550,1338,0.487,0.062,35,0.71,0.99
1551,1338,0.487,0.062,35,1,1.23
1552,1338,0.487,0.062,35,3.01,2.17
1553,1338,0.487,0.062,35,7.01,2.99
1554,1338,0.487,0.062,35,10,3.31
1555,1338,0.487,0.062,35,15,3.65
1556,1338,0.487,0.062,35,19.98,3.86
1557,1338,0.487,0.062,35,24.98,3.99
1558,1338,0.487,0.062,35,29.98,4.09
1559,1338,0.487,0.062,35,34.97,4.15
1560,1338,0.487,0.062,45,0.09,0.17
1561,1338,0.487,0.062,45,0.3,0.48
1562,1338,0.487,0.062,45,0.71,0.89
1563,1338,0.487,0.062,45,0.9,1.13
1564,1338,0.487,0.062,45,3.01,2.02
1565,1338,0.487,0.062,45,7.01,2.81
1566,1338,0.487,0.062,45,10,3.14
1567,1338,0.487,0.062,45,15,3.49
1568,1338,0.487,0.062,45,19.98,3.71
1569,1338,0.487,0.062,45,24.98,3.86
1570,1338,0.487,0.062,45,29.97,3.97
1571,1338,0.487,0.062,45,34.96,4.04
1572,582.92,0.24,0.04,25,1.2,1.108
1573,582.92,0.24,0.04,25,1.075,1.038
1574,582.92,0.24,0.04,25,1.01,1
1575,582.92,0.24,0.04,25,0.89,0.929
1576,582.92,0.24,0.04,25,0.827,0.893
1577,582.92,0.24,0.04,25,0.765,0.85
1578,582.92,0.24,0.04,25,0.7,0.806
1579,582.92,0.24,0.04,25,0.64,0.757
1580,582.92,0.24,0.04,25,0.5765,0.709
1581,582.92,0.24,0.04,25,0.514,0.656
1582,582.92,0.24,0.04,25,0.452,0.603
1583,582.92,0.24,0.04,25,0.388,0.542
1584,582.92,0.24,0.04,25,0.325,0.48
1585,582.92,0.24,0.04,25,0.263,0.41
1586,582.92,0.24,0.04,25,0.203,0.33
1587,446.87,0.18,0.035,25,1.2,0.91703
1588,446.87,0.18,0.035,25,1.076,0.859
1589,446.87,0.18,0.035,25,1.01,0.83
1590,446.87,0.18,0.035,25,0.952,0.8
1591,446.87,0.18,0.035,25,0.888,0.772
1592,446.87,0.18,0.035,25,0.827,0.738
1593,446.87,0.18,0.035,25,0.763,0.704
1594,446.87,0.18,0.035,25,0.7,0.668
1595,446.87,0.18,0.035,25,0.637,0.63
1596,446.87,0.18,0.035,25,0.577,0.586
1597,446.87,0.18,0.035,25,0.514,0.542
1598,446.87,0.18,0.035,25,0.452,0.5
1599,446.87,0.18,0.035,25,0.39,0.448
1600,446.87,0.18,0.035,25,0.325,0.4
1601,446.87,0.18,0.035,25,0.265,0.34
1602,446.87,0.18,0.035,25,0.201,0.274
1603,241.82,0.094,0.025,25,1.2,0.589
1604,241.82,0.094,0.025,25,1,0.538
1605,241.82,0.094,0.025,25,0.952,0.523
1606,241.82,0.094,0.025,25,0.827,0.485
1607,241.82,0.094,0.025,25,0.763,0.463
1608,241.82,0.094,0.025,25,0.701,0.441
1609,241.82,0.094,0.025,25,0.639,0.417
1610,241.82,0.094,0.025,25,0.577,0.39
1611,241.82,0.094,0.025,25,0.514,0.364
1612,241.82,0.094,0.025,25,0.45,0.33
1613,241.82,0.094,0.025,25,0.39,0.291
1614,241.82,0.094,0.025,25,0.325,0.255
1615,241.82,0.094,0.025,25,1.122,0.571
1616,241.82,0.094,0.025,25,1.06,0.555
1617,582.92,0.24,0.04,0,1.2,1.468
1618,582.92,0.24,0.04,0,1.074,1.38
1619,582.92,0.24,0.04,0,0.1,1.339
1620,582.92,0.24,0.04,0,0.95,1.304
1621,582.92,0.24,0.04,0,0.887,1.259
1622,582.92,0.24,0.04,0,0.826,1.207
1623,582.92,0.24,0.04,0,0.762,1.165
1624,582.92,0.24,0.04,0,0.7,1.109
1625,582.92,0.24,0.04,0,0.637,1.049
1626,582.92,0.24,0.04,0,0.574,0.9905
1627,582.92,0.24,0.04,0,0.512,0.931
1628,582.92,0.24,0.04,0,0.45,0.858
1629,582.92,0.24,0.04,0,0.389,0.784
1630,582.92,0.24,0.04,0,0.325,0.697
1631,582.92,0.24,0.04,0,0.262,0.6063
1632,582.92,0.24,0.04,0,0.2,0.509
1633,446.87,0.18,0.035,0,1.2,1.217
1634,446.87,0.18,0.035,0,1.074,1.154
1635,446.87,0.18,0.035,0,0.951,1.081
1636,446.87,0.18,0.035,0,0.89,1.039
1637,446.87,0.18,0.035,0,0.826,1
1638,446.87,0.18,0.035,0,0.764,0.962
1639,446.87,0.18,0.035,0,0.7,0.917
1640,446.87,0.18,0.035,0,0.637,0.872
1641,446.87,0.18,0.035,0,0.575,0.826
1642,446.87,0.18,0.035,0,0.514,0.767
1643,446.87,0.18,0.035,0,0.452,0.708
1644,446.87,0.18,0.035,0,0.387,0.645
1645,446.87,0.18,0.035,0,0.327,0.582
1646,446.87,0.18,0.035,0,0.262,0.498
1647,446.87,0.18,0.035,0,0.2,0.4144
1648,241.82,0.094,0.025,0,1.2,0.86
1649,241.82,0.094,0.025,0,1.12,0.837
1650,241.82,0.094,0.025,0,1.056,0.819
1651,241.82,0.094,0.025,0,0.993,0.798
1652,241.82,0.094,0.025,0,0.887,0.756
1653,241.82,0.094,0.025,0,0.824,0.732
1654,241.82,0.094,0.025,0,0.762,0.704
1655,241.82,0.094,0.025,0,0.7,0.672
1656,241.82,0.094,0.025,0,0.637,0.6345
1657,582.92,0.24,0.04,35,1.2,0.815
1658,582.92,0.24,0.04,35,1.077,0.773
1659,582.92,0.24,0.04,35,0.996,0.735
1660,446.87,0.18,0.035,35,1.12,0.659
1661,446.87,0.18,0.035,35,1.2,0.657
1662,446.87,0.18,0.035,35,1.123,0.63
1663,446.87,0.18,0.035,35,1.06,0.608
1664,446.87,0.18,0.035,35,1,0.588
1665,446.87,0.18,0.035,35,0.89,0.547
1666,446.87,0.18,0.035,35,0.828,0.521
1667,446.87,0.18,0.035,35,0.765,0.493
1668,446.87,0.18,0.035,35,0.7,0.467
1669,446.87,0.18,0.035,35,0.641,0.437
1670,446.87,0.18,0.035,35,0.578,0.406
1671,446.87,0.18,0.035,35,0.514,0.374
1672,446.87,0.18,0.035,35,0.452,0.338
1673,241.82,0.094,0.025,35,1.12,0.513
1674,241.82,0.094,0.025,35,1.2,0.511
1675,241.82,0.094,0.025,35,0.89,0.432
1676,241.82,0.094,0.025,35,0.826,0.411
1677,241.82,0.094,0.025,35,0.765,0.393
1678,241.82,0.094,0.025,35,0.7,0.371
1679,241.82,0.094,0.025,35,0.64,0.345
1680,241.82,0.094,0.025,35,0.578,0.3231
1681,1343,0.648,0.48,25,35,4.25
1682,1343,0.648,0.48,25,31.2,4.17
1683,1343,0.648,0.48,25,27.1,4.05
1684,1343,0.648,0.48,25,23.1,3.89
1685,1343,0.648,0.48,25,19.1,3.67
1686,1343,0.648,0.48,25,15,3.37
1687,1343,0.648,0.48,25,10.1,2.98
1688,1343,0.648,0.48,25,9.3,2.78
1689,1343,0.648,0.48,25,7.3,2.54
1690,1343,0.648,0.48,25,6.1,2.26
1691,1343,0.648,0.48,25,4.5,1.91
1692,1343,0.648,0.48,25,3,1.51
1693,1343,0.648,0.48,25,1.4,0.947
1694,536.5,0.286,0.034,0,1,1.7
1695,815.2,0.437,0.061,0,1,1.75
1696,1040.3,0.574,0.061,0,1,1.96
1697,1040.3,0.574,0.061,15,30,4.23
1698,1040.3,0.574,0.061,25,30,4.07
1699,1040.3,0.574,0.061,35,30,4.3
1700,1548,0.58,0.42,20,10,6.77
1701,1548,0.58,0.42,20,9.1,6.24
1702,1548,0.58,0.42,20,8,5.65
1703,1548,0.58,0.42,20,7,4.96
1704,1548,0.58,0.42,20,6.05,4.41
1705,1548,0.58,0.42,20,5,3.75
1706,1548,0.58,0.42,20,4.1,3.13
1707,1548,0.58,0.42,20,3.1,2.43
1708,1548,0.58,0.42,20,2,1.71
1709,800.5,0.368,0.135,20,10,5.96
1710,800.5,0.368,0.135,20,9,5.39
1711,800.5,0.368,0.135,20,8,4.93
1712,800.5,0.368,0.135,20,7.1,4.41
1713,800.5,0.368,0.135,20,6,3.86
1714,800.5,0.368,0.135,20,5,3.29
1715,800.5,0.368,0.135,20,3.9,2.7
1716,800.5,0.368,0.135,20,3.1,2.03
1717,800.5,0.368,0.135,20,2.1,1.369
1718,812.3,0.381,0.155,20,10,5.04
1719,812.3,0.381,0.155,20,9.6,4.91
1720,812.3,0.381,0.155,20,8.9,4.6
1721,812.3,0.381,0.155,20,7.8,4.12
1722,812.3,0.381,0.155,20,7,3.76
1723,812.3,0.381,0.155,20,6,3.35
1724,812.3,0.381,0.155,20,5,2.9
1725,812.3,0.381,0.155,20,4,2.42
1726,812.3,0.381,0.155,20,3.1,1.92
1727,812.3,0.381,0.155,20,2.1,1.415
1728,2336,0.958,0.473,30,35,10.49
1729,2336,0.958,0.473,30,30.1,9.96
1730,2336,0.958,0.473,30,25.1,9.28
1731,2336,0.958,0.473,30,20.1,8.42
1732,2336,0.958,0.473,30,16.3,7.66
1733,2336,0.958,0.473,30,13.4,6.91
1734,2336,0.958,0.473,30,10.6,5.84
1735,2336,0.958,0.473,30,7.1,4.64
1736,1822,0.749,0.365,30,35,8.55
1737,1822,0.749,0.365,30,30.5,8.21
1738,1822,0.749,0.365,30,25.1,7.64
1739,1822,0.749,0.365,30,20,6.9
1740,1822,0.749,0.365,30,15.3,6.1
1741,1822,0.749,0.365,30,11.2,5.19
1742,1822,0.749,0.365,30,8.8,4.53
1743,1668,0.625,0.416,30,35,7.9
1744,1668,0.625,0.416,30,30,7.51
1745,1668,0.625,0.416,30,25.2,7.12
1746,1668,0.625,0.416,30,20,6.4
1747,1668,0.625,0.416,30,15.4,5.76
1748,1668,0.625,0.416,30,10,4.64
1749,1668,0.625,0.416,30,7.1,3.8
1750,1668,0.625,0.416,30,5.2,3.1
1751,2021,1.123,0.176,30,35,6.64
1752,2021,1.123,0.176,30,30,6.41
1753,2021,1.123,0.176,30,25.5,6.07
1754,2021,1.123,0.176,30,20,5.37
1755,2021,1.123,0.176,30,15.2,4.72
1756,2021,1.123,0.176,30,12.3,4.25
1757,1438,0.761,0.163,30,35,6
1758,1438,0.761,0.163,30,30.1,5.6
1759,1438,0.761,0.163,30,25.3,5.161
1760,1438,0.761,0.163,30,20.6,4.69
1761,1438,0.761,0.163,30,15.3,3.96
1762,1261,0.55,0.225,30,35,5.07
1763,1261,0.55,0.225,30,31.3,4.9
1764,1261,0.55,0.225,30,25.2,4.51
1765,1261,0.55,0.225,30,20.2,4.17
1766,2637,0.7,0.72,25,29,13.04
1767,2637,0.7,0.72,25,25.8,12.25
1768,2637,0.7,0.72,25,22.4,11.42
1769,2637,0.7,0.72,25,19.4,10.61
1770,2637,0.7,0.72,25,15.7,9.71
1771,2637,0.7,0.72,25,12.5,8.66
1772,2637,0.7,0.72,25,10,7.68
1773,2637,0.7,0.72,25,8,6.78
1774,2637,0.7,0.72,25,6,5.71
1775,2637,0.7,0.72,25,3.85,4.4
1776,2637,0.7,0.72,25,2.6,3.15
1777,2637,0.7,0.72,25,1.44,2.05
1778,671.17,0.267,0.066,25,0.5,0.656
1779,671.17,0.267,0.066,25,0.41,0.558
1780,671.17,0.267,0.066,25,0.33,0.496
1781,671.17,0.267,0.066,25,0.25,0.394
1782,671.17,0.267,0.066,25,0.12,0.208
1783,643.25,0.247,0.075,25,0.5,0.587
1784,643.25,0.247,0.075,25,0.523,0.624
1785,643.25,0.247,0.075,25,0.455,0.547
1786,643.25,0.247,0.075,25,0.395,0.493
1787,643.25,0.247,0.075,25,0.325,0.431
1788,643.25,0.247,0.075,25,0.255,0.34
1789,643.25,0.247,0.075,25,0.184,0.263
1790,643.25,0.247,0.075,25,0.122,0.183
1791,643.25,0.247,0.075,25,0.067,0.117
1792,671.17,0.267,0.066,35,0.52,0.55
1793,671.17,0.267,0.066,35,0.46,0.5
1794,671.17,0.267,0.066,35,0.39,0.438
1795,671.17,0.267,0.066,35,0.325,0.391
1796,671.17,0.267,0.066,35,0.256,0.318
1797,671.17,0.267,0.066,35,0.182,0.244
1798,671.17,0.267,0.066,35,0.117,0.178
1799,671.17,0.267,0.066,35,0.0657,0.0885
1800,643.25,0.247,0.075,35,0.5,0.438
1801,643.25,0.247,0.075,35,0.43,0.384
1802,643.25,0.247,0.075,35,0.357,0.325
1803,643.25,0.247,0.075,35,0.287,0.267
1804,643.25,0.247,0.075,35,0.211,0.197
1805,643.25,0.247,0.075,35,0.15,0.147
1806,643.25,0.247,0.075,35,0.0918,0.0966
1807,671.17,0.267,0.066,50,0.53,0.414
1808,671.17,0.267,0.066,50,0.47,0.371
1809,671.17,0.267,0.066,50,0.4,0.328
1810,671.17,0.267,0.066,50,0.33,0.289
1811,671.17,0.267,0.066,50,0.265,0.225
1812,671.17,0.267,0.066,50,0.19,0.179
1813,671.17,0.267,0.066,50,0.124,0.1256
1814,643.25,0.247,0.075,50,0.53,0.336
1815,643.25,0.247,0.075,50,0.47,0.31
1816,643.25,0.247,0.075,50,0.4,0.257
1817,643.25,0.247,0.075,50,0.33,0.218
1818,643.25,0.247,0.075,50,0.263,0.172
1819,643.25,0.247,0.075,50,0.193,0.12557
1820,643.25,0.247,0.075,50,0.131,0.0682
1821,922,0.345,0.165,25,0.099,0.124
1822,922,0.345,0.165,25,0.199,0.177
1823,922,0.345,0.165,25,0.297,0.224
1824,922,0.345,0.165,25,0.394,0.27
1825,922,0.345,0.165,25,0.528,0.335
1826,922,0.345,0.165,25,0.649,0.389
1827,922,0.345,0.165,25,0.78,0.446
1828,922,0.345,0.165,25,0.972,0.527
1829,922,0.345,0.165,25,1.937,0.878
1830,922,0.345,0.165,25,3.102,1.195
1831,922,0.345,0.165,25,5.162,1.617
1832,922,0.345,0.165,25,6.481,1.832
1833,922,0.345,0.165,25,9.127,2.179
1834,922,0.345,0.165,25,11.642,2.44
1835,922,0.345,0.165,25,12.996,2.562
1836,922,0.345,0.165,25,17.06,2.865
1837,922,0.345,0.165,25,20.94,3.094
1838,922,0.345,0.165,25,24.237,3.258
1839,922,0.345,0.165,35,0.102,0.039
1840,922,0.345,0.165,35,0.222,0.081
1841,922,0.345,0.165,35,0.305,0.129
1842,922,0.345,0.165,35,0.395,0.169
1843,922,0.345,0.165,35,0.551,0.242
1844,922,0.345,0.165,35,0.668,0.294
1845,922,0.345,0.165,35,0.78,0.341
1846,922,0.345,0.165,35,0.975,0.421
1847,922,0.345,0.165,35,1.939,0.753
1848,922,0.345,0.165,35,3.104,1.06
1849,922,0.345,0.165,35,5.167,1.482
1850,922,0.345,0.165,35,6.49,1.699
1851,922,0.345,0.165,35,9.13,2.048
1852,922,0.345,0.165,35,11.644,2.308
1853,922,0.345,0.165,35,13.002,2.421
1854,922,0.345,0.165,35,17.062,2.737
1855,922,0.345,0.165,35,20.942,2.986
1856,922,0.345,0.165,35,24.237,3.157
1857,922,0.345,0.165,45,0.101,0.026
1858,922,0.345,0.165,45,0.201,0.076
1859,922,0.345,0.165,45,0.299,0.124
1860,922,0.345,0.165,45,0.394,0.17
1861,922,0.345,0.165,45,0.526,0.23
1862,922,0.345,0.165,45,0.651,0.282
1863,922,0.345,0.165,45,0.784,0.335
1864,922,0.345,0.165,45,0.972,0.407
1865,922,0.345,0.165,45,1.942,0.717
1866,922,0.345,0.165,45,3.103,1.016
1867,922,0.345,0.165,45,5.171,1.419
1868,922,0.345,0.165,45,6.487,1.625
1869,922,0.345,0.165,45,9.13,1.973
1870,922,0.345,0.165,45,11.647,2.225
1871,922,0.345,0.165,45,13.001,2.348
1872,922,0.345,0.165,45,17.065,2.659
1873,922,0.345,0.165,45,20.94,2.877
1874,922,0.345,0.165,45,24.238,3.068
1875,1492,0.26,0.7,25,1,1.695
1876,1492,0.26,0.7,25,0.92,1.615
1877,1492,0.26,0.7,25,0.84,1.53
1878,1492,0.26,0.7,25,0.76,1.44
1879,1492,0.26,0.7,25,0.68,1.344
1880,1492,0.26,0.7,25,0.6,1.245
1881,1492,0.26,0.7,25,0.52,1.132
1882,1492,0.26,0.7,25,0.44,1.015
1883,1492,0.26,0.7,25,0.36,0.891
1884,1492,0.26,0.7,25,0.28,0.75
1885,1492,0.26,0.7,25,0.2,0.59
1886,1492,0.26,0.7,25,0.146,0.4753075
1887,1492,0.26,0.7,25,0.0917,0.34
1888,1671,0.29,0.72,25,1,1.35
1889,1671,0.29,0.72,25,0.92,1.27
1890,1671,0.29,0.72,25,0.84,1.19
1891,1671,0.29,0.72,25,0.76,1.11
1892,1671,0.29,0.72,25,0.68,1.02
1893,1671,0.29,0.72,25,0.6,0.934
1894,1671,0.29,0.72,25,0.518,0.837
1895,1671,0.29,0.72,25,0.44,0.738
1896,1671,0.29,0.72,25,0.358,0.634
1897,1671,0.29,0.72,25,0.28,0.515
1898,1254,0.26,0.47,25,1,1.21
1899,1254,0.26,0.47,25,0.92,1.148
1900,1254,0.26,0.47,25,0.84,1.081
1901,1254,0.26,0.47,25,0.76,1.015
1902,1254,0.26,0.47,25,0.68,0.939
1903,1254,0.26,0.47,25,0.6,0.863
1904,1254,0.26,0.47,25,0.52,0.778
1905,1254,0.26,0.47,25,0.44,0.693
1906,1254,0.26,0.47,25,0.36,0.5972
1907,1254,0.26,0.47,25,0.28,0.492
1908,1254,0.26,0.47,25,0.2,0.379
1909,1254,0.26,0.47,25,0.146,0.297
1910,464,0.11,0.14,25,1,0.5
1911,464,0.11,0.14,25,0.92,0.47
1912,464,0.11,0.14,25,0.54,0.444
1913,464,0.11,0.14,25,0.76,0.42
1914,464,0.11,0.14,25,0.68,0.39
1915,464,0.11,0.14,25,0.6,0.36
1916,464,0.11,0.14,25,0.52,0.328
1917,464,0.11,0.14,25,0.44,0.292
1918,464,0.11,0.14,25,0.36,0.25489
1919,464,0.11,0.14,25,0.28,0.212
1920,464,0.11,0.14,25,0.2,0.164
1921,464,0.11,0.14,25,0.118,0.111
1922,1492,0.26,0.7,25,25.5,6.68
1923,1492,0.26,0.7,25,30.6,7
1924,1492,0.26,0.7,25,20.6,6.3
1925,1492,0.26,0.7,25,16,5.75
1926,1492,0.26,0.7,25,11.6,5
1927,1492,0.26,0.7,25,8.1,4.3
1928,1492,0.26,0.7,25,6.1,3.7
1929,1492,0.26,0.7,25,4.3,3
1930,1492,0.26,0.7,25,2.5,2.2
1931,2261,0.74,0.49,25,1.3,1.897
1932,2261,0.74,0.49,25,2.05,3.01
1933,2261,0.74,0.49,25,2.95,3.497
1934,2261,0.74,0.49,25,3.9,4.023
1935,2261,0.74,0.49,25,5.15,4.501
1936,2261,0.74,0.49,25,6.6,5.307
1937,2261,0.74,0.49,25,8.65,6.021
1938,2261,0.74,0.49,25,11.5,6.811
1939,2261,0.74,0.49,25,14.9,7.618
1940,2261,0.74,0.49,25,18.4,8.401
1941,2261,0.74,0.49,25,23.7,9.499
1942,2261,0.74,0.49,25,28.35,10.298
1943,2261,0.74,0.49,45,1.4,1.911
1944,2261,0.74,0.49,45,2.25,2.488
1945,2261,0.74,0.49,45,3.25,3.035
1946,2261,0.74,0.49,45,4.4,3.543
1947,2261,0.74,0.49,45,6.1,4.166
1948,2261,0.74,0.49,45,8.5,4.957
1949,2261,0.74,0.49,45,11.5,5.714
1950,2261,0.74,0.49,45,14.95,6.405
1951,2261,0.74,0.49,45,18.55,7.089
1952,2261,0.74,0.49,45,23.4,7.91
1953,2261,0.74,0.49,45,28.2,8.378
1954,2261,0.74,0.49,45,35,8.876
1955,2261,0.74,0.49,65,1.95,0.901
1956,2261,0.74,0.49,65,2.7,1.298
1957,2261,0.74,0.49,65,3.4,1.702
1958,2261,0.74,0.49,65,4.3,2.2
1959,2261,0.74,0.49,65,5.15,2.598
1960,2261,0.74,0.49,65,6.65,3.09
1961,2261,0.74,0.49,65,8.65,3.6
1962,2261,0.74,0.49,65,11.5,4.211
1963,2261,0.74,0.49,65,15,4.7
1964,2261,0.74,0.49,65,18.55,5.101
1965,2261,0.74,0.49,65,23.4,5.399
1966,2261,0.74,0.49,65,28.2,5.612
1967,1980,0.68,0.19,25,28.3,8.34
1968,1980,0.68,0.19,25,23.5,7.79
1969,1980,0.68,0.19,25,18.6,7
1970,1980,0.68,0.19,25,15,6.34
1971,1980,0.68,0.19,25,11.5,5.58
1972,1980,0.68,0.19,25,8.5,4.89
1973,1980,0.68,0.19,25,6.1,4.058
1974,1980,0.68,0.19,25,4.44,3.37
